tt0000001	Carmencita
tt0000002	Le clown et ses chiens
tt0000003	Pauvre Pierrot
tt0000004	Un bon bock
tt0000005	Blacksmith Scene
tt0000006	Chinese Opium Den
tt0000007	Corbett and Courtney Before the Kinetograph
tt0000008	Edison Kinetoscopic Record of a Sneeze
tt0000009	Miss Jerry
tt0000010	Leaving the Factory
tt0000011	Akrobatisches Potpourri
tt0000012	The Arrival of a Train
tt0000013	The Photographical Congress Arrives in Lyon
tt0000014	The Waterer Watered
tt0000015	Autour d'une cabine
tt0000016	Boat Leaving the Port
tt0000017	Italienischer Bauerntanz
tt0000018	Das boxende Känguruh
tt0000019	The Clown Barber
tt0000020	The Derby 1895
tt0000022	Blacksmith Scene
tt0000023	The Sea
tt0000024	Opening of the Kiel Canal
tt0000025	The Oxford and Cambridge University Boat Race
tt0000026	The Messers. Lumière at Cards
tt0000027	Cordeliers' Square in Lyon
tt0000028	Fishing for Goldfish
tt0000029	Baby's Meal
tt0000030	Rough Sea at Dover
tt0000031	Jumping the Blanket
tt0000032	Die Serpentintänzerin
tt0000033	Horse Trick Riders
tt0000034	Arrivée d'un train gare de Vincennes
tt0000035	Watering the Flowers
tt0000036	Awakening of Rip
tt0000037	Sea Bathing
tt0000038	The Ball Game
tt0000039	Barnet Horse Fair
tt0000040	Barque sortant du port de Trouville
tt0000041	Bataille de neige
tt0000042	Bateau-mouche sur la Seine
tt0000043	Batteuse à vapeur
tt0000044	Le bivouac
tt0000045	Les blanchisseuses
tt0000046	Bois de Boulogne
tt0000047	Boulevard des Italiens
tt0000048	The Boxing Kangaroo
tt0000049	Boxing Match; or, Glove Contest
tt0000050	Bébé et fillettes
tt0000051	The Bohemian Encampment
tt0000052	Ruraux au galop
tt0000053	A Chegada do Comboio Inaugural à Estação Central do Porto
tt0000054	A Merry-Go-Round
tt0000055	Le chiffonnier
tt0000056	Uma Corrida de Touros no Campo Pequeno
tt0000057	Cortège de tzar allant à Versailles
tt0000058	Cortège de tzar au Bois de Boulogne
tt0000059	Coronation of a Village Maiden
tt0000060	Dancing Darkies
tt0000061	Dancing Girls
tt0000062	Danse serpentine
tt0000063	Dessinateur express
tt0000064	Dessinateur: Chamberlain
tt0000065	Dessinateur: Reine Victoria
tt0000066	Dessinateur: Von Bismark
tt0000067	Conjurer Making Ten Hats in Sixty Seconds
tt0000068	Unloading the Boat
tt0000069	Post No Bills
tt0000070	Demolition of a Wall
tt0000071	Automobiles Starting a Race
tt0000072	Officers of French Army Leaving Service
tt0000073	Effets de mer sur les rochers
tt0000074	Enfants jouant sur la plage
tt0000075	The Conjuring of a Woman at the House of Robert Houdin
tt0000076	Exit of Rip and the Dwarf
tt0000077	Le fakir, mystère indien
tt0000078	Feira de Gado na Corujeira
tt0000079	La gare Saint-Lazare
tt0000080	Grandes manoeuvres
tt0000081	Towing a Boat on the River
tt0000082	A Hard Wash
tt0000083	Les indiscrets
tt0000084	Les ivrognes
tt0000085	Gardener Burning Weeds
tt0000086	Beach and Pier at Trouville, 1st part
tt0000087	Beach and Pier at Trouville, 2nd part
tt0000088	Market Day
tt0000089	Leaving Jerusalem by Railway
tt0000090	Libération des territoriaux
tt0000091	The House of the Devil
tt0000092	Marée montante sur Brise-Larmes
tt0000093	Melbourne
tt0000094	Miss de Vere
tt0000095	The Mysterious Paper
tt0000096	Place Saint-Augustin
tt0000097	Place de l'Opéra, First View
tt0000098	Place de l'Opéra, Second View
tt0000099	Place de la Bastille
tt0000100	Place de la Concorde
tt0000101	Place du théâtre français
tt0000102	The Beach at Villiers in a Gale
tt0000103	Smarter than the Teacher
tt0000104	Pompiers à Lyon
tt0000105	The Docks at Marseilles
tt0000106	Retour au cantonnement
tt0000107	Naval Review at Cherburg
tt0000108	Rip Leaving Sleepy Hollow
tt0000109	Rip Meeting the Dwarf
tt0000110	Rip Passing Over the Mountain
tt0000111	Rip's Toast
tt0000112	Rip's Toast to Hudson
tt0000113	Rip's Twenty Years' Sleep
tt0000114	French Regiment Going to the Parade
tt0000115	Réunion d'officiers
tt0000116	Sac au dos
tt0000117	Saída do Pessoal Operário da Fábrica Confiança
tt0000118	Salut malencontreux d'un déserteur
tt0000119	Rescue on the River, Pt. 2
tt0000120	Rescue on the River, Pt. 1
tt0000121	The Soldier's Courtship
tt0000122	Closing Hours at Vibert's Perfume Factory
tt0000123	Conjuring
tt0000124	Tempête sur la jetée du treport
tt0000125	The Terrible Railway Accident
tt0000126	Tom Old Boot
tt0000127	Les tribulations d'un concierge
tt0000128	Academy for Young Ladies
tt0000129	Un petit diable
tt0000130	Une altercation au café
tt0000131	A Terrible Night
tt0000132	Card Party
tt0000133	La voiture du potier
tt0000134	The Wandering Negro Minstrels
tt0000135	A Watermelon Feast
tt0000137	Au réfectoire
tt0000138	The Bewitched Inn
tt0000139	L'aveugle
tt0000140	Baignade dans le torrent
tt0000141	Ballet libella
tt0000142	Buffalo Bill and Escort
tt0000143	Les cambrioleurs
tt0000144	Chez le magnétiseur
tt0000145	En classe
tt0000146	Le cocher de fiacre endormi
tt0000147	The Corbett-Fitzsimmons Fight
tt0000148	Le Coucher d'Yvette
tt0000149	Behind the Scenes
tt0000150	Danse fleur de lotus
tt0000151	Faust et Marguerite
tt0000152	The Hallucinated Alchemist
tt0000153	The Haunted Castle
tt0000154	Henley Regatta
tt0000155	The Hypnotist at Work
tt0000156	A Badly Managed Hotel
tt0000157	Idylle
tt0000158	Idylle interrompue
tt0000159	The Devil's Laboratory
tt0000160	The Last Days of Pompeii
tt0000161	Leçon de danse
tt0000162	Niagara Falls
tt0000163	Le planton du colonel
tt0000164	Le pêcheur dans le torrent
tt0000165	Riña en un café
tt0000166	Salida de los trabajadores de la fábrica España Industrial
tt0000167	Salida de misa de doce del Pilar de Zaragoza
tt0000168	Salida del público de la iglesia parroquial de Santa María de Sans
tt0000169	Slagsmål i gamla Stockholm
tt0000170	The Twins' Tea Party
tt0000171	Une nuit agitée
tt0000172	The X-Ray Fiend
tt0000173	Battle of Santiago Bay
tt0000174	Výstavní párkar a lepic plakátù
tt0000175	A Sea Cave Near Lisbon
tt0000176	Brittania
tt0000177	The Burglar on the Roof
tt0000178	The Cavalier's Dream
tt0000179	The Cave of the Demons
tt0000180	Le chemin de croix
tt0000181	Cinderella
tt0000182	Come Along, Do!
tt0000183	The Corsican Brothers
tt0000184	Cripple Creek Bar-Room Scene
tt0000185	La crèche à Bethléem
tt0000186	Le cuirassé Maine
tt0000187	La cène
tt0000188	The Deserter
tt0000189	Dorotea
tt0000190	Dostavenícko ve mlýnici
tt0000191	Déménagement à la cloche de bois
tt0000192	Ella Lola, a la Trilby
tt0000193	L'entrée à Jérusalem
tt0000194	Express Train on a Railway Cutting
tt0000195	Les farces de Jocko
tt0000196	Faust and Mephistopheles
tt0000197	La flagellation
tt0000198	La fuite en Égypte
tt0000199	Glasgow Fire Engine
tt0000200	Gran corrida de toros
tt0000201	Indian War Council
tt0000202	Le jardin des oliviers
tt0000203	Je vous y prrrrends!
tt0000204	Jésus devant Pilate
tt0000205	Leçons de boxe
tt0000206	Llegada de un tren a la estación de ferrocarril del Norte, de Barcelona
tt0000207	London Express
tt0000208	The Miller and Chimney Sweep
tt0000209	Photographing a Ghost
tt0000210	A Novice at X-rays
tt0000211	The Astronomer's Dream; or, The Man in the Moon
tt0000212	Saida do Paquete Duque de Braganca
tt0000213	Scène d'escamotage
tt0000214	Tearing Down the Spanish Flag
tt0000215	Smích a plác
tt0000216	Visita de Doña María Cristina y Alfonso XIII a Barcelona
tt0000217	Waves and Spray
tt0000218	L'affaire Dreyfus
tt0000219	Aladdin and the Wonderful Lamp
tt0000220	The Artist and the Flower Girl
tt0000221	Aspectos da Praia de Cascais
tt0000222	Au cabaret
tt0000223	L'aveugle
tt0000224	Battlefield
tt0000225	Beauty and the Beast
tt0000226	Boat Race
tt0000227	Bombardment of Mafeking
tt0000228	La bonne absinthe
tt0000229	Casey at the Bat
tt0000230	Cinderella
tt0000231	Portuguese Railway Train
tt0000232	Le chiffonnier
tt0000233	Choque de dos transatlánticos
tt0000234	Cleopatra's Tomb
tt0000235	Haggard's She: The Pillar of Fire
tt0000236	Courte échelle
tt0000237	Le crucifiement
tt0000238	Les dangers de l'alcoolisme
tt0000239	Danse serpentine par Mme. Bob Walter
tt0000240	Distributing a War Extra
tt0000241	La descente de croix
tt0000242	The Sign of the Cross
tt0000243	Le déjeuner des enfants
tt0000244	Erreur judiciaire
tt0000245	The Haunted House
tt0000246	A Turn of the Century Illusionist
tt0000247	King John
tt0000248	A Kiss in the Tunnel
tt0000249	The Legacy
tt0000250	Llegada del vapor Bellver a Mallorca
tt0000251	Matches: An Appeal
tt0000252	La mauvaise soupe
tt0000253	The Miser's Doom
tt0000254	Monnaie de lapin
tt0000255	Mésaventure d'un charbonnier
tt0000256	Panorama from the Tower of the Brooklyn Bridge
tt0000257	La résurrection
tt0000258	Le tondeur de chiens
tt0000259	Le tonnelier
tt0000260	Transformations
tt0000261	A Midnight Episode
tt0000262	Un lunch
tt0000263	Vista de la entrada principal de la plaza de toros de Jerez, el segundo día de feria
tt0000264	Summoning the Spirits
tt0000265	Above the Limit
tt0000266	Above the Speedway
tt0000267	L'angélus
tt0000268	L'arléquine
tt0000269	Army Life; or, How Soldiers Are Made: Mounted Infantry
tt0000270	Arrivée d'Arléquin
tt0000271	Arrivée de Pierette et Pierrot
tt0000272	As Seen Through a Telescope
tt0000273	Attack on a China Mission
tt0000274	Avenue de l'opéra
tt0000275	Badinage
tt0000276	Bataille d'oreillers
tt0000277	Bataille de boules de neige
tt0000278	Buffalo Bill's Show Parade
tt0000279	Buffalo Bill's Wild West Parade
tt0000280	Buffalo Bill's Wild West Parade
tt0000281	Buffalo Bill's Wild West Show
tt0000282	Le bébé
tt0000283	Chez le Maréchal-Ferrant
tt0000284	Chez le photographe
tt0000285	Chinese Magic
tt0000286	Chirurgie fin de siècle
tt0000287	The Clown and the Alchemist
tt0000288	La concierge
tt0000289	Coucher d'une Parisienne
tt0000290	Dance de l'ivresse
tt0000291	Dans les coulisses
tt0000292	Danse du papillon
tt0000293	Danse du pas des foulards par des almées
tt0000294	La danse du ventre
tt0000295	Danse du voile
tt0000296	Danse serpentine
tt0000297	Danses
tt0000298	Déclaration d'amour
tt0000299	Le départ d'Arlequin et de Pierrette
tt0000300	The Enchanted Drawing
tt0000301	Faust and Marguerite
tt0000302	La fée aux choux, ou la naissance des enfants
tt0000303	Gavotte directoire
tt0000304	Grandma's Reading Glass
tt0000305	L'Habanera
tt0000306	Le duel d'Hamlet
tt0000307	Happy Hooligan
tt0000308	The House That Jack Built
tt0000309	How It Feels to Be Run Over
tt0000310	Chimmie Hicks and the Rum Omelet
tt0000312	Le lapin
tt0000313	Let Me Dream Again
tt0000314	Leçon de danse
tt0000315	Le marchand de coco
tt0000316	Marché à la volaille
tt0000317	Le matelot
tt0000318	Eine moderne Jungfrau von Orleans
tt0000319	Maple Leaf Viewing
tt0000320	Mort d'Adonis
tt0000321	The Mystic Swing
tt0000322	Panorama de Barcelona: monumentos y fiestas
tt0000323	Pas Japonais
tt0000324	Pas de grâce
tt0000325	Pas des éventails
tt0000326	Pas du poignard
tt0000327	La paysanne
tt0000328	La petite magicienne
tt0000329	Le Polichinelle
tt0000330	La poupée noire
tt0000331	La reine des jouets
tt0000332	Retour des champs
tt0000333	Le sang d'Adonis donnant naissance à la rose rouge
tt0000334	Saut humidifié de M. Plick
tt0000335	Soldiers of the Cross
tt0000336	La source
tt0000337	Spanish Bullfight
tt0000338	Suite de la danse
tt0000339	La tarentelle
tt0000340	Uncle Josh in a Spooky Hotel
tt0000341	Uncle Josh's Nightmare
tt0000342	Une rage de dents
tt0000343	Valse directoire
tt0000344	Valse lente
tt0000345	L'écossaise
tt0000346	Another Job for the Undertaker
tt0000347	Buffalo Bill's Wild West Parade
tt0000348	Charmant froufrou
tt0000349	What Came Out of the Cheese; or, The Lilliputians in a New York Restaurant
tt0000350	The Countryman's First Sight of the Animated Pictures
tt0000351	Danses basques
tt0000352	Day at the Circus
tt0000353	Execution of Czolgosz with Panorama of Auburn Prison
tt0000354	Exercício de Artilharia no Hipódromo de Belém
tt0000355	Fire!
tt0000356	Frivolité
tt0000357	The Haunted Curiosity Shop
tt0000358	History of a Crime
tt0000359	The India Rubber Head
tt0000360	Hussards et grisettes
tt0000361	Lavatory moderne
tt0000362	Lecture quotidienne
tt0000363	Magical Sword
tt0000364	Panorama of Esplanade by Night
tt0000365	Parada de Bombeiros
tt0000366	Uma Parada dos Alunos da Casa Pia de Lisboa
tt0000367	Pas de colombine
tt0000368	Little Red Riding Hood
tt0000369	A Road for Children's Bicycles in Barcelona
tt0000370	Scrooge; or Marley's Ghost
tt0000371	Scène d'amour
tt0000372	Scène d'ivresse
tt0000373	The Devil's Seven Castles
tt0000374	Tel est pris qui croyait prendre
tt0000375	Uma Tourada à Antiga Portuguesa
tt0000376	A táncz
tt0000377	Undressing Extraordinary
tt0000378	Les vagues
tt0000379	Visita de la escuadra inglesa a Barcelona
tt0000380	Sleeping Beauty
tt0000381	Buffalo Bill's Wild West Show
tt0000382	Carnaval en las ramblas
tt0000383	Carreras de caballos en el hipódromo de Barcelona
tt0000384	Miss Dundee and Her Performing Dogs
tt0000385	Les clowns
tt0000386	La cour des miracles
tt0000387	The Coronation of King Edward VII
tt0000388	Danse excentrique
tt0000389	Danse fantaisiste
tt0000390	Danse mauresque
tt0000391	La dent récalcitrante
tt0000392	The Enchanted Cup
tt0000393	En faction
tt0000394	Farces de cuisinière
tt0000395	La fiole enchantée
tt0000396	Fruits de saison
tt0000397	La gavotte
tt0000398	La gigue
tt0000399	Jack and the Beanstalk
tt0000400	Le lion savant
tt0000401	Le marchand de ballons
tt0000402	Mother Goose Nursery Rhymes
tt0000403	Le pommier
tt0000404	Pour secouer la salade
tt0000405	La première gamelle
tt0000406	The Prince of Darkness
tt0000407	Procesión de las hijas de María de la parroquia de Sans
tt0000408	Quadrille réaliste
tt0000409	Midwife to the Upper Classes
tt0000410	Demolishing and Building Up the Star Theatre
tt0000411	Trompé mais content
tt0000412	The Troublesome Fly
tt0000413	The Devil's Money Bags
tt0000414	Uncle Josh at the Moving Picture Show
tt0000415	A Peculiar Cabinet
tt0000416	Alcohol and Its Victims
tt0000417	A Trip to the Moon
tt0000418	The Wild Man of Borneo
tt0000419	L'équilibriste
tt0000420	Alice in Wonderland
tt0000421	Les apaches pas veinards
tt0000422	Les aventures d'un voyageur trop pressé
tt0000423	The Enchanted Box
tt0000424	Les braconniers
tt0000425	Buffalo Bill's Parade
tt0000426	Buffalo Bill's Street Parade
tt0000427	Cake-walk de la pendule
tt0000428	Carreras de bicicletas en el parque
tt0000429	La chasse au cambrioleur
tt0000430	A Chess Dispute
tt0000431	Comme on fait son lit on se couche
tt0000432	How Monsieur Takes His Bath
tt0000433	Compagnons de voyage encombrants
tt0000434	Dorothy's Dream
tt0000435	Enlèvement en automobile et mariage précipité
tt0000436	An Extraordinary Cab Accident
tt0000437	Faust et Méphistophélès
tt0000438	Le fiancé ensorcelé
tt0000439	The Great Train Robbery
tt0000440	La guirlande merveilleuse
tt0000441	Gulliver en el país de los gigantes
tt0000442	Capital Execution
tt0000443	Hiawatha
tt0000444	Illusionniste renversant
tt0000445	Jocko musicien
tt0000446	Kit Carson
tt0000447	Life of an American Fireman
tt0000448	Le liqueur du couvent
tt0000449	Lutteurs américains
tt0000450	La main du professeur Hamilton ou le roi des dollars
tt0000451	Mary Jane's Mishap
tt0000452	The Messenger Boy's Mistake
tt0000453	Modelage express
tt0000454	La mouche
tt0000455	The Music Lover
tt0000456	N.Y. Fire Department Returning
tt0000457	Ne bougeons plus
tt0000458	Nos bons étudiants
tt0000459	Panorama of Riker's Island, N.Y.
tt0000460	The Pioneers
tt0000461	Potage indigeste
tt0000462	La poule fantaisiste
tt0000463	Puerto de Barcelona
tt0000464	Rip Van Winkle
tt0000465	The Kingdom of the Fairies
tt0000466	Répétition dans un cirque
tt0000467	Secours aux naufragés
tt0000468	Service précipité
tt0000469	The Sick Kitten
tt0000470	Les surprises de l'affichage
tt0000471	Uncle Tom's Cabin
tt0000472	Uncle Tom's Cabin
tt0000473	La valise enchantée
tt0000474	Le voleur sacrilège
tt0000475	Voyage of the 'Arctic'
tt0000476	Après la fête
tt0000477	L'assassinat du courrier de Lyon
tt0000478	Behind the Scenes
tt0000479	Rum vs. Cherries
tt0000480	Le coffre enchanté
tt0000481	A Collier's Life
tt0000482	Comment on disperse les foules
tt0000483	Les deux rivaux
tt0000484	Les enfants du miracle
tt0000485	La gavotte de la reine
tt0000486	A Gentleman of France
tt0000487	The Great Train Robbery
tt0000488	The Land Beyond the Sunset
tt0000489	La leçon de pipeau
tt0000490	L'oiseau envolé
tt0000491	Opening the Williamsburg Bridge
tt0000492	Personal
tt0000493	Pierrot, Murderer
tt0000494	Le pompon malencontreux
tt0000495	The Pearl Fisher
tt0000496	Railroad Smashup
tt0000497	A Railway Tragedy
tt0000498	Rescued by Rover
tt0000499	An Impossible Voyage
tt0000500	The Abductors
tt0000501	Adventures of Sherlock Holmes
tt0000502	Bohemios
tt0000503	Corrida de beneficencia en Zaragoza, por Quinito y Montes
tt0000504	Coso y Paseo de Santa Engracia (Calles y plazas de Zaragoza)
tt0000505	The Wig Chase
tt0000506	The Effects of Too Much Scotch
tt0000507	Departure of Peary and the Roosevelt from New York
tt0000508	Desde el coso a la calle Cerdán (Calles y plazas de Zaragoza)
tt0000509	The Inexperienced Chauffeur
tt0000510	El dúo de la Africana
tt0000511	Esmeralda
tt0000512	Funeral of Hiram Cronk
tt0000513	Gigantes y cabezudos
tt0000514	Los guapos de la Vaquería del Parque
tt0000515	Los guapos del parque
tt0000516	The Electric Hotel
tt0000517	El húsar de la guardia
tt0000518	Juanito el forzudo
tt0000519	The Kleptomaniac
tt0000520	The Life of Charles Peace
tt0000521	The Little Train Robbery
tt0000522	The Moonshiners
tt0000523	Moose Hunting in Newfoundland
tt0000524	New York Subway
tt0000525	Hanging at Jefferson City
tt0000526	Pennsylvania Tunnel Excavation
tt0000527	Plaza de la Magdalena (Calles y plazas de Zaragoza)
tt0000528	Raffles, the Amateur Cracksman
tt0000529	Reuben in the Opium Joint
tt0000530	Se da de comer
tt0000531	Los sitios de Chile
tt0000532	Torrero y la ribera (Calles y plazas de Zaragoza)
tt0000533	The Wooing and Wedding of a Coon
tt0000534	The '?' Motorist
tt0000535	The Anarchist's Mother-in-Law
tt0000536	Apachentanz
tt0000537	Arrival of Immigrants, Ellis Island
tt0000538	Bilbao, Portugalete y los Altos Hornos
tt0000539	Bonden i København
tt0000540	Branden i Frihavnen
tt0000541	Caros død
tt0000542	Cerveza gratis
tt0000543	Kong Christian d. IXs Bisættelse
tt0000544	The Dancer's Dream
tt0000545	Dream of a Racetrack Fiend
tt0000546	Dream of a Rarebit Fiend
tt0000547	Ferias en San Sebastián y Cabalgata en la Ría
tt0000548	Fiskerliv i Norden
tt0000549	En foræring til min Kone
tt0000550	Proklamationen af Kong Frederik d. VIII
tt0000551	Fæstningskrigen
tt0000552	The Hand of the Artist
tt0000553	The Haunted Hotel
tt0000554	Humorous Phases of Funny Faces
tt0000555	Den hvide slavinde
tt0000556	Hævnet
tt0000557	Kathleen Mavourneen
tt0000558	Los kikos
tt0000559	Konfirmanden
tt0000560	Ladrones burlados
tt0000561	The Life of a Cowboy
tt0000562	Os Lusíadas
tt0000563	Mellem Aber og Bjørne
tt0000564	A Modern Oliver Twist
tt0000565	The Night Before Christmas
tt0000566	Professorens Morgenavis
tt0000567	The 400 Tricks of the Devil
tt0000568	Rosenborg Have
tt0000569	Røverhøvdingens Flugt og Død
tt0000570	San Francisco Disaster
tt0000571	The San Francisco Earthquake
tt0000572	Secreto de confesión
tt0000573	Den sorte maske
tt0000574	The Story of the Kelly Gang
tt0000575	20,000 Leagues Under the Sea
tt0000576	Ali Baba and the Forty Thieves
tt0000577	Angelo, Tyrant of Padua
tt0000578	An Awful Skate; or, the Hobo on Rollers
tt0000579	The Bandit Makes Good
tt0000580	A Batalha das Flores no Campo Grande
tt0000581	Bauernhaus und Grafenschloß
tt0000582	Ben Hur
tt0000583	The Lady with the Camellias
tt0000584	El ciego de la aldea
tt0000585	Concurso de sardanas en el parque Guell
tt0000586	A Curious Dream
tt0000587	La dea del mare
tt0000588	Der var engang
tt0000589	Descoberta da América por Cristovão Colombo
tt0000590	Dr. Skinum
tt0000591	The Prodigal Son
tt0000592	Eureka Stockade
tt0000593	Fiestas de San Antonio
tt0000594	The Flight from the Seraglio
tt0000595	From the Rococo Times
tt0000596	Fyrtøjet
tt0000597	The Magic Mirror
tt0000598	Hamlet, Prince of Denmark
tt0000599	Polar Bear Hunt
tt0000601	Lohengrin
tt0000602	Lion Hunting
tt0000603	The Magic Fountain Pen
tt0000604	A Misalliance
tt0000605	Mordet paa Fyn
tt0000606	Mr. Gay and Mrs.
tt0000607	La muerte del tirano
tt0000608	En ny hat til Madammen
tt0000609	Othello
tt0000610	Othello
tt0000611	In the Sultan's Power
tt0000612	Procesión marítima en Santa Cristina
tt0000613	O Rapto de Uma Actriz
tt0000614	The Red Spectre
tt0000615	Robbery Under Arms
tt0000616	Romería a San Medín
tt0000617	The Robber's Sweetheart
tt0000618	Salaviinanpolttajat
tt0000619	Stalking and Shooting Caribou in Newfoundland
tt0000620	The Will
tt0000621	That Fatal Sneeze
tt0000622	Tierra baja
tt0000623	The Magic Bag
tt0000624	The Ugly Duckling
tt0000625	Villafranca: Fiestas del Drac y bailes típicos
tt0000626	Yale Laundry
tt0000627	'Ostler Joe
tt0000628	The Adventures of Dollie
tt0000629	After Many Years
tt0000630	Hamlet
tt0000631	Hamlet
tt0000632	Amor que mata
tt0000633	The Anarchist's Sweetheart
tt0000634	Antony and Cleopatra
tt0000636	As You Like It
tt0000637	The Assassination of the Duke de Guise
tt0000638	At the Crossroads of Life
tt0000639	At the French Ball
tt0000640	An Awful Moment
tt0000641	Balked at the Altar
tt0000642	The Bandit's Waterloo
tt0000643	Barbara Fritchie: The Story of a Patriotic American Woman
tt0000644	Behind the Scenes
tt0000645	Betrayed by a Handprint
tt0000646	Biblical Scenes
tt0000647	Bjørnejagten
tt0000648	The Black Viper
tt0000649	Bobby's Kodak
tt0000650	The Boston Tea Party
tt0000651	The Boy Detective, or the Abductors Foiled
tt0000653	A Calamitous Elopement
tt0000654	The Call of the Wild
tt0000655	Los calzoncillos de Tony
tt0000656	The Grateful Dog
tt0000657	Carreras de caballos de 1908
tt0000658	The Puppet's Nightmare
tt0000659	Caught by Wireless
tt0000660	The Christmas Burglars
tt0000661	Humanity Through the Ages
tt0000662	Classmates
tt0000663	The Clubman and the Tramp
tt0000664	Los competidores
tt0000665	Concealing a Burglar
tt0000666	Corrida de toros con Antonio Fuentes
tt0000667	Corrida de toros con Ricardo Torres 'Bombita'
tt0000668	The Count of Monte Cristo
tt0000669	Cupid's Pranks
tt0000670	El curioso impertinente
tt0000671	Desdemona
tt0000672	The Devil
tt0000673	La Dolores
tt0000674	Don Juan Tenorio
tt0000675	Don Quijote
tt0000676	Don Álvaro o la fuerza del sino
tt0000677	Ex-Convict No. 900
tt0000678	Excursión a Montserrat
tt0000679	The Fairylogue and Radio-Plays
tt0000680	Falsely Accused!
tt0000681	A Famous Escape
tt0000682	A Fantasy
tt0000683	The Fatal Hour
tt0000684	Father Gets in the Game
tt0000685	The Feud and the Turkey
tt0000686	Fiestas del carnaval de 1908 en Barcelona
tt0000687	A Florida Feud: or, Love in the Everglades
tt0000688	The Flower Girl of Paris
tt0000689	For Love of Gold
tt0000690	For a Wife's Honor
tt0000691	The French Maid
tt0000692	El fusilamiento de Dorrego
tt0000693	Gerona monumental
tt0000694	The Girl and the Outlaw
tt0000695	The Greaser's Gauntlet
tt0000696	El guardia burlado
tt0000697	The Guerrilla
tt0000698	The Heart of O Yama
tt0000699	The Helping Hand
tt0000700	Her First Adventure
tt0000701	His Day of Rest
tt0000703	Hulda's Lovers
tt0000704	The Humpty Dumpty Circus
tt0000705	Inauguración de la exposición hispano-francesa
tt0000706	Ingomar, the Barbarian
tt0000707	The Ingrate
tt0000708	The Invisible Fluid
tt0000709	Julius Caesar
tt0000711	The Kentuckian
tt0000712	King of the Cannibal Islands
tt0000713	The King's Messenger
tt0000714	Leah the Forsaken
tt0000715	The Life of an American Cowboy
tt0000716	Lonesome Junction
tt0000717	Macbeth
tt0000718	Making Moving Pictures
tt0000719	Mallorca, isla dorada
tt0000720	The Man and the Woman
tt0000721	The Man in the Box
tt0000722	The Red Barn Mystery
tt0000723	María Rosa
tt0000724	The Merchant of Venice
tt0000725	Mixed Babies
tt0000726	Monasterio de Poblet
tt0000727	Monday Morning in a Coney Island Police Court
tt0000728	Money Mad
tt0000729	Os Moços de Fretes Têm Sede
tt0000730	Mr. Jones at the Ball
tt0000731	Mrs. Jones Entertains
tt0000732	The Music Master
tt0000733	Old Isaacs, the Pawnbroker
tt0000734	Othello
tt0000736	The Outlaw
tt0000737	Over the Hill to the Poorhouse
tt0000738	The Paris Hat
tt0000739	El pastorcito de Torrente
tt0000740	The Pirate's Gold
tt0000741	The Planter's Wife
tt0000742	Poverty and Compassion
tt0000743	The Princess in the Vase
tt0000744	Professional Jealousy
tt0000745	Raffles, an American Cracksman
tt0000746	The Reckoning
tt0000747	The Reg Girl
tt0000748	The Red Man and the Child
tt0000749	Rescued from an Eagle's Nest
tt0000750	Richard III
tt0000751	The Roman
tt0000752	Romance of a Jewess
tt0000753	The Romance of an Egg
tt0000754	Romeo and Juliet
tt0000755	The Dream of an Opium Fiend
tt0000756	The Sculptor's Nightmare
tt0000757	She
tt0000758	Sherlock Holmes
tt0000759	Sherlock Holmes II: Raffles Escaped from Prison
tt0000760	Sherlock Holmes III: The Detective's Adventure in the Gas Cellar
tt0000761	Simulacro de bomberos en la Plaza de Cataluña, de Barcelona
tt0000762	A Smoked Husband
tt0000763	The Snowman
tt0000764	The Song of the Shirt
tt0000765	The Stage Rustler
tt0000766	The Stage-Struck Daughter
tt0000767	The Stolen Jewels
tt0000768	Svend Dyrings hus
tt0000769	Knight of Black Art
tt0000770	The Taming of the Shrew
tt0000771	The Tavern Keeper's Daughter
tt0000772	The Test of Friendship
tt0000773	Thompson's Night Out
tt0000774	To the Custody of the Father
tt0000775	Susceptible Youth
tt0000776	The Last Days of Pompeii
tt0000777	An Unexpected Santa Claus
tt0000778	The Valet's Wife
tt0000779	The Vaquero's Vow
tt0000780	Hercules the Athlete; or, Love Behind the Scenes
tt0000781	The Viking's Daughter: The Story of the Ancient Norsemen
tt0000782	A Visit to the Seaside at Brighton Beach, England
tt0000783	When Knighthood Was in Flower
tt0000784	When Knights Were Bold
tt0000785	Where the Breakers Roar
tt0000786	Wiegenlied
tt0000787	A Woman's Way
tt0000788	The Yellow Peril
tt0000789	The Zulu's Heart
tt0000790	The Battle in the Clouds
tt0000791	Amor heroico
tt0000792	And a Little Child Shall Lead Them
tt0000793	Andreas Hofer
tt0000794	The Apache Girl's Revenge
tt0000795	The Artist's Revenge
tt0000796	As It Is in Real Life
tt0000797	At the Altar
tt0000798	An Attempt to Smash a Bank
tt0000799	Aventuras de Pepín
tt0000800	The Awakening
tt0000801	A Baby's Shoe
tt0000802	The Bailiff and the Dressmakers
tt0000803	The Child Benefactor
tt0000804	El barranco del lobo
tt0000805	Baño imprevisto
tt0000806	The Best Man Wins
tt0000807	The Better Way
tt0000808	Betty's Choice
tt0000809	Bill Sharkey's Last Game
tt0000810	The Black Sheep
tt0000811	The Blind Man
tt0000812	El blocao Velarde
tt0000813	Bluebeard
tt0000814	La bocana de Mar Chica
tt0000815	The Brahma Diamond
tt0000816	The Broken Locket
tt0000817	A Message to Napoleon
tt0000818	The Burglar and the Child
tt0000819	A Burglar's Mistake
tt0000820	Campaña del Riff
tt0000821	The Cardinal's Conspiracy
tt0000822	Celos gitanos
tt0000823	A Change of Heart
tt0000824	A Child of the Forest
tt0000825	The Children's Friend
tt0000826	Choosing a Husband
tt0000827	Comata, the Sioux
tt0000828	Confidence
tt0000829	A Convict's Sacrifice
tt0000830	Corazón de madre
tt0000831	The Cord of Life
tt0000832	A Corner in Wheat
tt0000833	The Country Doctor
tt0000834	A Coward's Courage
tt0000835	The Cricket on the Hearth
tt0000836	Os Crimes de Diogo Alves
tt0000837	The Criminal Hypnotist
tt0000838	A Cultura do Cacau
tt0000839	The Curse of Money
tt0000840	The Curtain Pole
tt0000841	The Day After
tt0000842	De Garraf a Barcelona
tt0000843	The Death Disc: A Story of the Cromwellian Period
tt0000844	The Death of Ivan the Terrible
tt0000845	The Deception
tt0000846	Un día en Xochimilco
tt0000847	Don Juan heiratet
tt0000848	The Painting of a Miraculous Spider
tt0000849	Dos guapos frente a frente
tt0000850	Los dos hermanos
tt0000851	The Drive for a Life
tt0000852	A Drunkard's Reformation
tt0000853	The Eavesdropper
tt0000854	Edgar Allan Poe
tt0000855	Eloping with Auntie
tt0000856	Entrevista de los Presidentes Díaz-Taft
tt0000857	Eradicating Aunty
tt0000858	The Expiation
tt0000859	Fabricación del corcho en Sant Feliu de Guixols
tt0000860	The Faded Lilies
tt0000861	A Fair Exchange
tt0000862	Faldgruben
tt0000863	Farmer Giles' Visit to London
tt0000864	The Fascinating Mrs. Francis
tt0000865	A Father's Mistake
tt0000866	Fellow Clerks
tt0000867	Fiesta de toros
tt0000868	Fiestas de Santa Lucía - Belenes
tt0000869	Fiestas en La Garriga
tt0000870	A Fool's Revenge
tt0000871	Fools of Fate
tt0000872	The Foundling
tt0000873	Bakchisarayskiy fontan
tt0000874	The French Duel
tt0000875	The Friend of the Family
tt0000876	Fuss and Feathers
tt0000877	Getting Even
tt0000878	The Gibson Goddess
tt0000879	Gira política de Madero y Pino Suárez
tt0000880	The Girls and Daddy
tt0000881	Le glas du père Césaire
tt0000882	The Golden Louis
tt0000883	The Grey Lady
tt0000884	The Red Domino
tt0000885	Guzmán el Bueno
tt0000886	Hamlet, Prince of Denmark
tt0000887	Hansel and Gretel
tt0000888	The Heart of a Clown
tt0000889	The Heart of a Cowboy
tt0000890	The Heart of an Outlaw
tt0000891	Cycle Rider and the Witch
tt0000892	Her First Biscuits
tt0000893	Her Indian Hero
tt0000894	The Farmer's Grandson
tt0000895	The Hessian Renegades
tt0000896	The Hindoo Dagger
tt0000897	His Duty
tt0000898	His Lost Love
tt0000899	His Reformation
tt0000900	His Ward's Love
tt0000901	His Wife's Mother
tt0000902	His Wife's Visitor
tt0000903	The Honor of Thieves
tt0000904	The House of Cards
tt0000905	I Did It
tt0000906	The Idiot of the Mountains
tt0000907	In Little Italy
tt0000908	In Old Kentucky
tt0000909	In a Hempen Bag
tt0000910	In the Watches of the Night
tt0000911	In the Window Recess
tt0000912	The Indian Runner's Romance
tt0000913	The Indian Trailer
tt0000914	Industria del corcho
tt0000915	Jailbird in Borrowed Feathers
tt0000916	Je voudrais un enfant
tt0000917	Jealousy and the Man
tt0000918	Jessie, the Stolen Child
tt0000919	The Jilt
tt0000920	Jones and His New Neighbors
tt0000921	Jones and the Lady Book Agent
tt0000922	The Joneses Have Amateur Theatricals
tt0000923	El joyero
tt0000924	A Bad Case
tt0000925	Judgment
tt0000926	Justicia de Felipe II
tt0000927	Kinemacolor Puzzle
tt0000928	King Lear
tt0000929	Klebolin klebt alles
tt0000930	Der kleine Detektiv
tt0000931	Dødsspringet
tt0000932	A Woman of the People
tt0000933	Lady Helen's Escapade
tt0000934	Leather Stocking
tt0000935	The Light That Came
tt0000936	Lines of White on a Sullen Sea
tt0000938	The Little Darling
tt0000939	The Little Teacher
tt0000940	Lochinvar
tt0000941	Locura de amor
tt0000942	The Lonely Villa
tt0000943	Love Finds a Way
tt0000944	The Luck of the Cards
tt0000945	Lucky Jim
tt0000946	The Lure of the Gown
tt0000947	Lægens offer
tt0000948	La légende de l'arc-en-ciel
tt0000949	Det løbske gasrør
tt0000950	Macbeth
tt0000951	Madam Sans Gene; or, The Duchess of Danzig
tt0000952	Madame de Langeais
tt0000953	A Maid of the Mountains
tt0000954	Mamma
tt0000955	A Man with Three Wives
tt0000956	The Maniac Cook
tt0000957	Mariage forcé
tt0000958	The Medicine Bottle
tt0000959	Melilla y el Gurugu
tt0000960	The Mended Lute
tt0000961	The Message
tt0000962	The Mexican Sweethearts
tt0000963	A Mexican's Gratitude
tt0000964	A Midnight Adventure
tt0000965	Midnight Disturbance
tt0000966	A Midsummer Night's Dream
tt0000967	The Mills of the Gods
tt0000968	Mistaken Identity
tt0000969	Les Misérables
tt0000970	The Life of Moliere
tt0000971	The Mill
tt0000972	The Mountaineer's Honor
tt0000974	Mr. Jones Has a Card Party
tt0000975	Mr. Jones' Burglar
tt0000976	Mrs. Jones' Lover; or, 'I Want My Hat'
tt0000977	Mutterliebe
tt0000978	Napoleon og hans lille Trompetist
tt0000979	Napoleon, the Man of Destiny
tt0000980	A Narrow Escape from Lynching
tt0000981	The Necklace
tt0000982	The New Servant
tt0000983	A New Trick
tt0000984	Niños en la alameda
tt0000985	The Note in the Shoe
tt0000986	Nursing a Viper
tt0000987	How Brother Cook was Taught a Lesson
tt0000988	The Short-Sighted Governess
tt0000989	Oh, Uncle!
tt0000990	Oliver Twist
tt0000991	On the Little Big Horn or Custer's Last Stand
tt0000992	De onde Veje
tt0000993	One Busy Hour
tt0000994	One Good Turn Deserves Another
tt0000995	One Touch of Nature
tt0000996	Only a Tramp
tt0000997	The Open Gate
tt0000998	Othello
tt0000999	Paul Wang's Destiny
tt0001000	The Peachbasket Hat
tt0001001	Pippa Passes; or, the Song of Conscience
tt0001002	The Politician's Love Story
tt0001003	Por un ratón
tt0001004	Portrait of Mireille
tt0001005	Pranks
tt0001006	Primera carrera internacional de automóviles 'Peña-Rhin'
tt0001007	La primera y segunda casetas
tt0001008	The Prince and the Pauper
tt0001009	Princess Nicotine; or, The Smoke Fairy
tt0001010	Protección de un convoy de víveres en el puente de camellos
tt0001011	The Prussian Spy
tt0001012	The Ranchman's Rival
tt0001013	The Redman's View
tt0001014	The Renunciation
tt0001015	The Restoration
tt0001016	Resurrection
tt0001017	A Wedding During the French Revolution
tt0001018	Richelieu; or: The Conspiracy
tt0001019	The Road Agents
tt0001020	The Road to the Heart
tt0001021	Robbing the Widowed and Fatherless
tt0001022	A Rose of the Tenderloin
tt0001023	The Roue's Heart
tt0001024	A Rude Hostess
tt0001025	A Rural Elopement
tt0001026	Ruy Blas
tt0001027	The Sacrifice
tt0001028	Salome Mad
tt0001029	The Salvation Army Lass
tt0001030	Saul and David
tt0001031	Schneider's Anti-Noise Crusade
tt0001032	The Sealed Room
tt0001033	The Seventh Day
tt0001034	Shanghaied
tt0001035	She Would Be an Actress
tt0001036	Sherlock Holmes IV
tt0001037	Sherlock Holmes V
tt0001038	Sherlock Holmes VI
tt0001039	A Sinner's Repentance
tt0001040	A Sister's Love: A Tale of the Franco-Prussian War
tt0001041	The Slave
tt0001042	The Sleepwalker
tt0001043	Smith's Knockabout Theatre
tt0001044	The Son's Return
tt0001045	A Midsummer Night's Dream
tt0001046	A Sound Sleeper
tt0001047	The Spanish Girl
tt0001048	The Special License
tt0001049	Gøngehøvdingen
tt0001050	A Strange Meeting
tt0001051	El sueño milagroso
tt0001052	The Suicide Club
tt0001053	A Sweet Revenge
tt0001054	Sweet and Twenty
tt0001055	A Tale of the West
tt0001056	Teaching a Husband a Lesson
tt0001057	Ten Nights in a Barroom
tt0001058	Tender Hearts
tt0001059	O Terremoto de Benavente
tt0001060	The Test
tt0001061	They Would Elope
tt0001062	Those Awful Hats
tt0001063	Those Boys!
tt0001064	Through the Breakers
tt0001065	Tis an Ill Wind That Blows No Good
tt0001066	De to guldgravere
tt0001067	To Save Her Soul
tt0001068	Toma caseta Z
tt0001069	Toma del Gurugu
tt0001070	Tragedia torera
tt0001071	Tragic Love
tt0001072	A Trap for Santa Claus
tt0001073	The Treacherous Policeman
tt0001074	The Trick That Failed
tt0001075	A Troublesome Satchel
tt0001076	Trying to Get Arrested
tt0001077	Twin Brothers
tt0001078	Two Memories
tt0001079	Two Women and a Man
tt0001080	Two of the Boys
tt0001081	La vida en el campamento
tt0001082	Viernes de dolores
tt0001083	The Violin Maker of Cremona
tt0001084	The Voice of the Violin
tt0001085	Wanted, a Child
tt0001086	Was Justice Served?
tt0001087	Washington Under the American Flag
tt0001088	The Way of Man
tt0001089	We Must Do Our Best
tt0001090	The Welcome Burglar
tt0001091	What Drink Did
tt0001092	What's Your Hurry?
tt0001093	When Thieves Fall Out
tt0001094	The Winning Coat
tt0001095	With Her Card
tt0001096	Within an Ace
tt0001097	A Woman's Vanity
tt0001098	The Wooden Leg
tt0001099	A Wreath in Time
tt0001100	The Wrong Coat
tt0001101	Abraham Lincoln's Clemency
tt0001102	Across the Plains
tt0001103	An Affair of Hearts
tt0001104	The Affair of an Egg
tt0001105	The Woman Always Pays
tt0001106	Alice's Adventures in Wonderland
tt0001107	All on Account of the Milk
tt0001108	Almost
tt0001109	L'aluminite
tt0001110	Amateur Night
tt0001111	Ambrosius
tt0001112	Amleto
tt0001113	Amor gitano
tt0001114	The Angel of the Studio
tt0001115	Ansigttyven I
tt0001116	Ansigttyven II
tt0001117	Cleopatra
tt0001118	An Arcadian Maid
tt0001119	Arms and the Woman
tt0001120	As It Is in Life
tt0001121	As the Bells Rang Out!
tt0001122	The Red Inn
tt0001123	Away Out West
tt0001124	The Bad Man's Christmas Gift
tt0001125	The Bad Man's Last Deed
tt0001126	A Rough Night on the Bridge
tt0001127	Baixant de la font del Gat
tt0001128	The Bandit's Wife
tt0001129	The Banker's Daughters
tt0001130	The Bearded Bandit
tt0001131	Behind the Scenes
tt0001132	The Bewitched Boxing Gloves
tt0001133	The Blue Bird
tt0001134	Briton and Boer
tt0001135	The Broken Doll
tt0001136	A Broken Spell
tt0001137	Broncho Billy's Redemption
tt0001138	The Brothers
tt0001139	Buffalo Bill's Wild West and Pawnee Bill's Far East
tt0001140	The Bully
tt0001141	The Butterfly
tt0001142	By Order of Napoleon
tt0001143	The Call to Arms
tt0001144	The Call
tt0001145	Carceleras
tt0001146	Carminella
tt0001147	O Centenário da Guerra Peninsular
tt0001148	Chantecler Atraiçoado
tt0001149	The Child and the Fiddler
tt0001150	A Child of the Ghetto
tt0001151	A Child's Faith
tt0001152	A Child's Impulse
tt0001153	A Child's Stratagem
tt0001154	Circle C Ranch's Wedding Present
tt0001155	The Clerk's Downfall
tt0001156	The Cloister's Touch
tt0001157	The Common Enemy
tt0001158	Concurso de niños
tt0001159	The Connecticut Yankee
tt0001160	Conscience
tt0001161	The Converts
tt0001162	Un corpus de sangre
tt0001163	Corrida da Rampa
tt0001164	The Coster's Wedding
tt0001165	The Course of True Love
tt0001166	The Courtship of Miles Standish
tt0001167	The Cowboy and the Squaw
tt0001168	A Cowboy's Mother-in-Law
tt0001169	The Cowboy's Sweetheart
tt0001170	A Cowboy's Vindication
tt0001171	The Cowpuncher's Ward
tt0001172	Cretinetti e le donne
tt0001173	The Crime of a Grandfather
tt0001174	Cyclone Pete's Matrimony
tt0001175	Camille
tt0001176	The Dancing Girl of Butte
tt0001177	Davy Crockett
tt0001178	The Deputy's Love Affair
tt0001179	Desfile histórico del centenario
tt0001180	The Desperado
tt0001181	El diablo está en Zaragoza
tt0001182	A Dixie Mother
tt0001183	Djævlesonaten
tt0001184	Don Juan de Serrallonga
tt0001185	Dorian Grays Portræt
tt0001186	Dorothy and the Scarecrow in Oz
tt0001187	The Duke's Plan
tt0001188	The Dumb Half Breed's Defense
tt0001189	Den døde Rotte
tt0001190	Døden
tt0001191	Effecting a Cure
tt0001192	The Electrical Vitalizer
tt0001193	Elektra
tt0001194	Elskovsleg
tt0001195	Elverhøj
tt0001196	Elverhøj
tt0001197	Les enfants d'Édouard
tt0001198	The Engineer's Romance
tt0001199	The Engineer's Daughter
tt0001200	The Englishman and the Girl
tt0001201	La esclusa
tt0001202	Examination Day at School
tt0001203	Excursión al Gombreny
tt0001204	La expiación
tt0001205	Fabricación del cemento Asland
tt0001206	The Face at the Window
tt0001207	Faithful
tt0001208	The Farmer's Daughter
tt0001209	Una farsa de colas
tt0001210	A Fatal Picnic
tt0001211	Faust
tt0001212	La fecha de Pepín
tt0001213	The Fence on 'Bar Z' Ranch
tt0001214	The Vow; or, Jephthah's Daughter
tt0001215	The End of Paganini
tt0001216	The Final Settlement
tt0001217	A Flash of Light
tt0001218	A Fallen Spirit
tt0001219	Flores y perlas
tt0001220	The Flower of the Ranch
tt0001221	For Her Sister's Sake
tt0001222	The Forest Ranger
tt0001223	Frankenstein
tt0001224	The Freezing Mixture
tt0001225	From Storm to Sunshine
tt0001226	From Tyranny to Liberty
tt0001227	The Fugitive
tt0001228	A Gambler of the West
tt0001229	Et gensyn
tt0001230	Gentleman Joe
tt0001231	The Girl and the Fugitive
tt0001232	The Girl from Arizona
tt0001233	The Girl on Triple X
tt0001234	Gold Is Not All
tt0001235	A Gold Necklace
tt0001236	The Gold Seekers
tt0001237	The Golden Supper
tt0001238	Great Fight at All-Sereno
tt0001239	Los guapos
tt0001240	Hamlet
tt0001241	Hamlet
tt0001242	Hamlet
tt0001243	Her Father's Pride
tt0001244	Her Photograph
tt0001245	Her Terrible Ordeal
tt0001246	La hija del guardacostas
tt0001247	His Brother's Wife
tt0001248	His Last Burglary
tt0001249	His Last Dollar
tt0001250	His Mother's Necklace
tt0001251	His New Lid
tt0001252	His Only Daughter
tt0001253	His Sister-in-Law
tt0001254	The Honor of His Family
tt0001255	The Hoodoo
tt0001256	The House with Closed Shutters
tt0001257	The House of the Seven Gables
tt0001258	The White Slave Trade
tt0001259	The Iconoclast
tt0001260	The Impalement
tt0001261	Impersonating the Policeman Lodger
tt0001262	In Life's Cycle
tt0001263	In Neighboring Kingdoms
tt0001264	In Old California
tt0001265	In the Border States
tt0001266	In the Hands of the Enemy
tt0001267	In the Mission Shadows
tt0001268	In the Season of Buds
tt0001269	An Indian Girl's Love
tt0001270	An Indian Wife's Devotion
tt0001271	Inundaciones en Lérida
tt0001272	Jake's Daughter
tt0001273	The Jewel Case
tt0001274	John Dough and the Cherub
tt0001275	Juggling on the Brain
tt0001276	Justicias del rey Don Pedro
tt0001277	Kapergasten
tt0001278	A Knot in the Plot
tt0001279	Kærlighed og selvmord
tt0001280	Copenhagen by Night
tt0001281	The Lady and the Burglar
tt0001282	The Land of Oz
tt0001283	The Last Deal
tt0001284	The Lesson
tt0001285	The Life of Moses
tt0001286	Little Angels of Luck
tt0001287	The Little Orphan
tt0001288	The Little Prospector
tt0001289	Llegada del marqués de Polavieja a Veracruz
tt0001290	The Long Trail
tt0001291	Lord Blend's Love Story
tt0001292	Love Among the Roses
tt0001293	Love of Chrysanthemum
tt0001294	Love's C. Q. D.
tt0001295	Lucha fratricida o Nobleza aragonesa
tt0001296	La lucha por la divisa
tt0001297	Luck of Roaring Camp
tt0001298	A Lucky Toothache
tt0001299	Macbeth
tt0001300	A Mad Infatuation
tt0001301	Madre mía
tt0001302	The Maid of Niagara
tt0001303	The Man
tt0001304	Mannequins
tt0001305	La manta del caballo
tt0001306	The Fairy Bookseller
tt0001307	The Marked Time-Table
tt0001308	The Marked Trail
tt0001309	The Masher
tt0001310	May and December
tt0001311	Mazeppa, or the Wild Horse of Tartary
tt0001312	Mellem pligt og kærlighed
tt0001313	Et menneskeliv
tt0001314	Il mercante di Venezia
tt0001315	The Message of the Violin
tt0001316	Messaline
tt0001317	The Mexican's Faith
tt0001318	Michael Strogoff
tt0001319	A Midnight Cupid
tt0001320	Os Milagres de Nossa Senhora da Penha
tt0001321	The Cowboy Millionaire
tt0001322	The Millionaire and the Ranch Girl
tt0001323	The Miser's Child
tt0001324	The Missing Bridegroom
tt0001325	The Mistaken Bandit
tt0001326	The Modern Prodigal
tt0001327	A Mohawk's Way
tt0001328	Montblanc la serra
tt0001329	El moscardón
tt0001330	A Mother's Devotion; or, the Firing of the Patchwork Quilt
tt0001331	A Moving Picture Rehearsal
tt0001332	Muggsy Becomes a Hero
tt0001333	Muggsy's First Sweetheart
tt0001334	Never Again
tt0001335	The New Magdalen
tt0001336	The New Stenographer
tt0001337	The Newlyweds
tt0001338	A Night in May
tt0001339	Not So Bad as It Seemed
tt0001340	The Oath and the Man
tt0001341	Jarní sen starého mládence
tt0001342	The Old Hat
tt0001343	The Old Soldier
tt0001344	An Old Story with a New Ending
tt0001345	On the Reef
tt0001346	One Night, and Then --
tt0001347	Ononko's Vow
tt0001348	Orientalsk dans
tt0001349	Our Darling
tt0001350	The Outlaw's Sacrifice
tt0001351	Over Silent Paths
tt0001352	The Padre's Secret
tt0001353	Paganini
tt0001354	Pals of the Range
tt0001355	Para domar la suegra
tt0001356	Parada militar en el paseo
tt0001357	Patricia of the Plains
tt0001358	Peder Tordenskjold
tt0001359	A Pesca do Bacalhau
tt0001360	The Phoenix
tt0001361	The Picture Thieves
tt0001362	A Plain Song
tt0001363	The Plans of the Fortress
tt0001364	El pobre Valbuena
tt0001365	The Pony Express Rider
tt0001366	Un portero modelo
tt0001367	Pride of the Range
tt0001368	The Princess and the Peasant
tt0001369	The Purgation
tt0001370	Rainha Depois de Morta Inês de Castro
tt0001371	Ramona
tt0001372	The Ranch Girl's Legacy
tt0001373	Ranch Life in the Great Southwest
tt0001374	The Ranchman's Feud
tt0001375	The Range Riders
tt0001376	The Ranger's Bride
tt0001377	Re Lear
tt0001378	Re Lear
tt0001379	A Record Hustle Through Foggy London
tt0001380	Regina von Emmeritz och konung Gustaf II Adolf
tt0001381	A Recruit from 64
tt0001382	Revolução de 5 de Outubro
tt0001383	Ribera del Llobregat
tt0001384	A Rich Revenge
tt0001385	The Rocky Road
tt0001386	Le roi des parfums
tt0001387	A Romance of the Western Hills
tt0001388	Rose o' Salem Town
tt0001389	A Sailor's Sacrifice
tt0001390	A Salutary Lesson
tt0001391	The Seal of the Church
tt0001392	Segunda carrera automovilista 'Peña-Rhin' (Mataró-Argentona)
tt0001393	Serious Sixteen
tt0001394	The Sheriff's Sacrifice
tt0001395	The Silent Message
tt0001396	Simple Charity
tt0001397	Sisters
tt0001398	The Son of the Executioner
tt0001399	The Smoker
tt0001400	The Song of the Wildwood Flute
tt0001401	The Sorrows of the Unfaithful
tt0001402	The Stricken Home
tt0001403	The Suffragettes and the Hobble Skirt
tt0001404	A Summer Flirtation
tt0001405	A Summer Idyll
tt0001406	A Summer Tragedy
tt0001407	Sunshine Sue
tt0001408	Take Me Out to the Ball Game
tt0001409	Taming Wild Animals
tt0001410	Taming a Husband
tt0001411	Teatro de la naturaleza en Sabadell
tt0001412	The Tenderfoot Messenger
tt0001413	The Tenderfoot's Triumph
tt0001414	That Chink at Golden Gulch
tt0001415	Thou Shalt Not
tt0001416	The Thread of Destiny
tt0001417	Through Fire to Fortune
tt0001418	Tommy Gets His Sister Married
tt0001419	The Tout's Remembrance
tt0001420	A Tragedy of the Olden Times
tt0001421	Le tragique amour de Mona Lisa
tt0001422	Trail to the West
tt0001423	A Woman's Treachery
tt0001424	Trimming of Paradise Gulch
tt0001425	True to His Duty
tt0001426	The Truth Will Out
tt0001427	The Twisted Trail
tt0001428	The Two Brothers
tt0001429	The Two Fathers
tt0001430	Two Little Waifs
tt0001431	The Unchanging Sea
tt0001432	Uncle Tom's Cabin
tt0001434	Under Western Skies
tt0001435	Unexpected Help
tt0001436	The Unknown Claim
tt0001437	Up San Juan Hill
tt0001438	Up a Tree
tt0001439	The Usurer
tt0001440	Valdemar Sejr
tt0001441	The Vampire
tt0001442	A Vein of Gold
tt0001443	A Victim of Jealousy
tt0001444	Värmlänningarne
tt0001445	Waiter No. 5
tt0001446	The Way of the World
tt0001447	The Wedding That Didn't Come Off
tt0001448	Western Chivalry
tt0001449	A Western Maid
tt0001450	A Western Woman's Way
tt0001451	A Westerner's Way
tt0001452	What the Daisy Said
tt0001453	When We Called the Plumber In
tt0001454	When We Were in Our Teens
tt0001455	When the World Sleeps
tt0001456	White Roses
tt0001457	Who Is She?
tt0001458	Wilful Peggy
tt0001459	Winning Back His Love
tt0001460	The Woman from Mellon's
tt0001461	The Woman Hater
tt0001462	A Woman's Folly
tt0001463	The Wonderful Wizard of Oz
tt0001464	A Worker's Wife
tt0001465	As Últimas Inundações do Tejo em Santarém
tt0001466	'Tween Two Loves
tt0001467	Across the Plains
tt0001468	The Adopted Child
tt0001469	The Adventures of Billy
tt0001470	The Adventures of a Baby
tt0001471	En Opfinders Skæbne
tt0001472	After the Ball
tt0001473	The Aggressor
tt0001474	Aida
tt0001475	Amor fatal
tt0001476	Amor que mata
tt0001477	The Amorous Doctor
tt0001478	The Angel of Paradise Ranch
tt0001479	The Angel of the Slums
tt0001480	Arizona Bill
tt0001481	Artful Kate
tt0001482	As in a Looking Glass
tt0001483	At a Quarter of Two
tt0001484	At the Break of Dawn
tt0001485	At the Duke's Command
tt0001486	At the Threshold of Life
tt0001487	The Christian Martyrs
tt0001488	The Hallucinations of Baron Munchausen
tt0001489	The Awakening of John Bond
tt0001490	Back to the Primitive
tt0001491	Back to the Soil
tt0001492	The Backwoodsman's Suspicion
tt0001493	The Bad Man's Downfall
tt0001494	The Bad Man's First Prayer
tt0001495	A Balkan Episode
tt0001496	The Baron
tt0001497	The Battle of Bunker Hill
tt0001498	The Battle of Trafalgar
tt0001499	The Battle
tt0001500	Bedraget i døden
tt0001501	Behind the Stockade
tt0001502	The Best Man Wins
tt0001503	The Better Way
tt0001504	Betty Becomes a Maid
tt0001505	Bill Bumper's Bargain
tt0001506	The Black Arrow
tt0001507	The Blackmailer
tt0001508	The Blind Princess and the Poet
tt0001509	Die Blinde
tt0001510	Bobby, the Coward
tt0001511	Bondefangeri i Vaterland
tt0001512	The Border Ranger
tt0001513	A Boy of the Revolution
tt0001514	Boys Will Be Boys
tt0001515	The Brand
tt0001516	Branding a Bad Man
tt0001517	The Broken Cross
tt0001518	Broncho Billy's Adventure
tt0001519	Broncho Billy's Christmas Dinner
tt0001520	Brown's German Liver Cure
tt0001521	En bryllupsaften
tt0001522	Buffalo Bill on the Brain
tt0001523	The Bunco Game at Lizardhead
tt0001524	The Burglar as Father Christmas
tt0001525	Caesar's Prisoners
tt0001526	The Call of the Song
tt0001527	The Cameraman's Revenge
tt0001528	Captain Barnacle's Courtship
tt0001529	Captain Kate
tt0001530	The Bushranger's Bride
tt0001531	Captain Starlight, or Gentleman of the Road
tt0001532	Carmen o la hija del contrabandista
tt0001533	Carmenita the Faithful
tt0001534	Carnaval en Palamós
tt0001535	Castillo de Arampruña
tt0001536	A Cattle Rustler's Father
tt0001537	The Cattleman's Daughter
tt0001538	Caught with the Goods
tt0001539	Cain and Abel
tt0001540	The Changing of Silas Warner
tt0001541	Checkmated
tt0001542	The Chief's Daughter
tt0001543	The Child Crusoes
tt0001544	A Christmas Carol
tt0001545	Cinderella
tt0001546	Cinderella
tt0001547	A Citizeness of Paris
tt0001548	The Clown's Sacrifice
tt0001549	The Codfish Industry in Newfoundland
tt0001550	The Coffin Ship
tt0001551	Comrades
tt0001552	Conscience
tt0001553	A Conspiracy Against the King
tt0001554	The Corporation and the Ranch Girl
tt0001555	Cortejo Cívico
tt0001556	The Count and the Cowboys
tt0001557	A Country Cupid
tt0001558	The Country Lovers
tt0001559	The Courting of Mary
tt0001560	The Cowboy Coward
tt0001562	The Puncher's Law
tt0001563	Os Crimes de Diogo Alves
tt0001564	The Crooked Road
tt0001565	The Crusader
tt0001566	A Cure for Crime
tt0001567	Cyrano et d'Assoucy
tt0001568	Dad's Girls
tt0001569	The Caddy's Dream
tt0001570	The Daisy Cowboys
tt0001571	Dan the Dandy
tt0001572	Dandy Dick of Bishopsgate
tt0001573	De Gerona a Olot en ferrocarril (De Olot a Gerona en ferrocarril)
tt0001574	A Dead Man's Honor
tt0001575	The Death of Nathan Hale
tt0001576	The Declaration of Independence
tt0001577	A Decree of Destiny
tt0001578	The Desert Claim
tt0001579	Detective Henry and the Paris Apaches
tt0001580	Le devoir et l'honneur
tt0001581	A Devoted Friend
tt0001582	The Diamond Star
tt0001583	La digue
tt0001584	The Diving Girl
tt0001585	The Doctor
tt0001586	A Dog's Tale
tt0001587	Don Pedro el Cruel
tt0001588	The Dream
tt0001589	Dutch Gold Mine
tt0001590	Dæmonen
tt0001591	Le dévouement d'un gosse
tt0001592	In the Prime of Life
tt0001593	Enoch Arden: Part I
tt0001594	Enoch Arden: Part II
tt0001595	Eskimos in Labrador
tt0001596	Ester: A Biblical Episode
tt0001597	Eugene Wrayburn
tt0001598	The Failure
tt0001599	The Fair Dentist
tt0001600	The Faithful Indian
tt0001601	The Fall of Babylon
tt0001602	El fantasma del castillo
tt0001603	Den farlige leg
tt0001604	The Fatal Wedding
tt0001605	Fate
tt0001606	Fate's Funny Frolic
tt0001607	Fate's Turning
tt0001608	Fattigdommens forbandelse
tt0001609	Feria de ganado en Villarrodona
tt0001610	Fiesta Mayor de Manresa
tt0001611	Fiestas del Sitio en Bilbao
tt0001612	Fiestas en La Bisbal
tt0001613	Fighting Blood
tt0001614	The Four Devils
tt0001615	Fisher Folks
tt0001616	The Fisher-Maid
tt0001617	The Fisherman's Daughter
tt0001618	Flo's Discipline
tt0001619	The Flower Girl of Florence
tt0001620	Following Mother's Footsteps
tt0001621	For Her Brother's Sake
tt0001622	For the Crown
tt0001623	For the Queen's Honor
tt0001624	For aabent Tæppe
tt0001625	The Forester's Plea
tt0001626	Forgiven in Death
tt0001627	Foul Play
tt0001628	The Four Poster Pest
tt0001629	Freezing Auntie
tt0001630	Der fremde Vogel
tt0001631	A French Duel
tt0001632	Friday the 13th
tt0001633	From Factory Girl to Prima Donna
tt0001634	From the Bottom of the Sea
tt0001635	A Frontier Doctor
tt0001636	Galileo
tt0001637	A Gasoline Engagement
tt0001638	The General's Daughter
tt0001639	The General's Only Son
tt0001640	George Warrington's Escape
tt0001641	The Geranium
tt0001642	Get Rich Quick
tt0001643	The Ghost's Warning
tt0001644	The Girl Back East
tt0001645	The Girl and the Motor Boat
tt0001646	The Girl of the West
tt0001647	The Gold Lust
tt0001648	The Golden West
tt0001649	A Good Turn
tt0001650	The Gordian Knot
tt0001652	The Gun Man
tt0001653	The Harsh Father
tt0001654	Heart Beats of Long Ago
tt0001655	The Heart of a Savage
tt0001656	The Heiress
tt0001657	Helping Him Out
tt0001658	Henry VIII
tt0001659	Her Awakening
tt0001660	Her Crowning Glory
tt0001661	Her Darkest Hour
tt0001662	Her Hero
tt0001663	Her Sacrifice
tt0001664	Her Two Sons
tt0001665	Her Wedding Ring
tt0001666	The Hidden Mine
tt0001667	The Hidden Trail
tt0001668	The Highlander
tt0001669	His Birthday
tt0001670	His Conscience
tt0001671	His Daughter
tt0001672	His Dress Shirt
tt0001673	His Friend's Wife
tt0001674	His Last Burglary
tt0001675	His Message
tt0001676	His Mother
tt0001677	His Mother's Scarf
tt0001678	His Nemesis
tt0001679	His Sister's Children
tt0001680	His Trust: The Faithful Devotion and Self-Sacrifice of an Old Negro Servant
tt0001681	His Trust Fulfilled
tt0001682	Home
tt0001683	Home Sweet Home
tt0001684	The Honeymooners
tt0001685	Honor Thy Father
tt0001686	By the House That Jack Built
tt0001687	How Betty Won the School
tt0001688	How Mrs. Murray Saved the American Army
tt0001689	How She Triumphed
tt0001690	How Sir Andrew Lost His Vote
tt0001691	The Hypnotist and the Convict
tt0001692	The Great Moment
tt0001693	The Immortal Alamo
tt0001694	In Old California When the Gringos Came
tt0001695	In Old Madrid
tt0001696	In the Days of '49
tt0001697	In the Days of Chivalry
tt0001698	In the Days of Gold
tt0001699	In the Reign of Terror
tt0001700	In the Sultan's Garden
tt0001701	The Indian Brothers
tt0001702	The Indian Maiden's Lesson
tt0001703	An Indian's Sacrifice
tt0001704	Indiscretions of Betty
tt0001705	Industrias textiles
tt0001706	The Infant at Snakeville
tt0001707	An International Heart Breaker
tt0001708	The Inventor's Son
tt0001709	The Italian Barber
tt0001710	Italian Blood
tt0001711	Jahreszeiten des Lebens
tt0001712	Jane Shore
tt0001713	The Jealous Husband
tt0001714	Johnson at the Wedding
tt0001715	Julius Caesar
tt0001716	Julius Caesar's Sandals
tt0001717	Järnbäraren
tt0001718	Kinemacolor Songs
tt0001719	The King of Indigo
tt0001720	Kit Carson's Wooing
tt0001721	Kitty the Dressmaker
tt0001722	A Knight of the Road
tt0001723	Lady Beaulay's Necklace
tt0001724	The Last Drop of Water
tt0001725	The Last Farewell
tt0001727	Lost Years
tt0001728	The Last of the Mohicans
tt0001729	The Law of the Range
tt0001730	The Leading Lady
tt0001731	The Convict Hero
tt0001732	The Lighthouse Keeper
tt0001733	The Lily of the Tenements
tt0001734	The Little Daughter's Letter
tt0001735	Little Lady Lafayette
tt0001736	Little Nell's Tobacco
tt0001737	Winsor McCay, the Famous Cartoonist of the N.Y. Herald and His Moving Comics
tt0001738	Little Red Riding Hood
tt0001739	The Living Peach
tt0001740	The Lonedale Operator
tt0001741	The Long Road
tt0001742	Lost Illusions
tt0001743	The Lost Necklace
tt0001744	The Lost Ring
tt0001746	Lost in the Arctic
tt0001747	Lost in the Jungle
tt0001748	Love Conquers
tt0001749	Love Heeds Not Showers
tt0001750	Love Story of Charles II
tt0001751	Love and Hatred
tt0001752	Love in a Cottage
tt0001753	Love in the Hills
tt0001754	Love or Riches
tt0001755	Love's Strategy
tt0001756	Lucha por la herencia
tt0001757	The Lucky Card
tt0001758	A Lucky Escape
tt0001759	Ludwig from Germany
tt0001760	The Lure of the City
tt0001761	Macbeth
tt0001762	Mrs. Pussy Loves Animals
tt0001763	Madame Rex
tt0001764	Madero al sur del país
tt0001765	The Madman
tt0001766	The Magic Ring
tt0001767	Maid or Man
tt0001768	Major the Red Cross Dog
tt0001769	The Making of a Man
tt0001770	A Man for All That
tt0001771	The Manicure Lady
tt0001772	A Manly Man
tt0001773	Une mariée qui se fait attendre
tt0001774	The Master and the Man
tt0001775	Maud Muller
tt0001776	Max Takes Tonics
tt0001777	The Meeting of the Ways
tt0001778	Menneskedyret
tt0001779	The Message in the Bottle
tt0001780	Midsummer-time
tt0001781	Mike's Hero
tt0001782	Mike, the Miser
tt0001783	The Millionaire and the Squatter
tt0001784	The Millionaire's Nephew
tt0001785	The Miner's Curse
tt0001786	The Minute Man
tt0001787	The Mirror
tt0001788	Mischievous Puck
tt0001789	The Miser's Heart
tt0001790	Les Misérables, Part 1: Jean Valjean
tt0001791	A Modern Cinderella
tt0001792	The Modern Dianas
tt0001793	A Modern Hero
tt0001794	The Modern Pygmalion and Galatea
tt0001795	Monasterio de Caralps en Berga
tt0001796	Monasterio de Ripoll
tt0001797	Money to Burn
tt0001798	The Mountain Law
tt0001799	Moses Saved from the Waters
tt0001800	Music Hath Charms
tt0001801	Mustang Pete's Love Affair
tt0001803	The Mystery of a Hansom Cab
tt0001804	Mystic Manipulations
tt0001805	Nell Gwynn the Orange Girl
tt0001806	The New Church Carpet
tt0001807	Bar Z's New Cook
tt0001808	The New Dress
tt0001809	The New Manager
tt0001810	A Noble Heart
tt0001811	The O'Neill
tt0001812	Oedipus Rex
tt0001813	The Old Confectioner's Mistake
tt0001814	Oliver Cromwell
tt0001815	On the Brink
tt0001816	On the Desert's Edge
tt0001817	Only in the Way
tt0001818	Out from the Shadow
tt0001820	The Outlaw Samaritan
tt0001821	The Outlaw and the Child
tt0001822	The Outlaw Deputy
tt0001823	Over the Garden Wall
tt0001824	Over the Hills
tt0001825	A Pal's Oath
tt0001826	Par habitude
tt0001827	Paradise Lost
tt0001828	The Passions of an Egyptian Princess
tt0001829	The Peasants and the Fairy
tt0001830	Picciola; or, the Prison Flower
tt0001831	The Pied Piper of Hamelin
tt0001832	The Pirates of 1920
tt0001833	The Poisoned Flume
tt0001834	The Politician's Dream
tt0001835	The Poor Sick Men
tt0001836	The Power of Good
tt0001837	The Power of Love
tt0001838	The Price of a Man
tt0001839	The Priest's Burden
tt0001840	The Primal Call
tt0001841	Priscilla's Engagement Ring
tt0001842	The Convict's Song
tt0001843	The Professor and the New Hat
tt0001844	The Profligate
tt0001845	Pulgarcito
tt0001846	The Puncher's New Love
tt0001847	The Question Mark
tt0001848	Railroad Raiders of '62
tt0001849	The Ranchman's Son
tt0001850	Rattlesnakes and Gunpowder
tt0001851	The Rebel's Daughter
tt0001852	John Farley's Redemption
tt0001853	The Reform Candidate
tt0001854	The Reporter
tt0001856	The Revenue Man and the Girl
tt0001857	Richard III
tt0001858	Un clair de lune sous Richelieu
tt0001859	The Rise and Fall of Weary Willie
tt0001860	The Romance on 'Bar O'
tt0001861	A Romance of the Rio Grande
tt0001862	Queen of the Smugglers
tt0001863	A Romany Tragedy
tt0001864	The Rosary
tt0001865	The Rose of Kentucky
tt0001866	The Rose's Story
tt0001867	The Ruling Passion
tt0001868	Abraham's Sacrifice
tt0001869	Samson and Delilah
tt0001870	Saved from Herself
tt0001871	Saved from Himself
tt0001872	The Scarlet Letter
tt0001873	The Schoolmaster of Mariposa
tt0001874	Science
tt0001875	Second Sight
tt0001876	The Sentinel Asleep
tt0001877	She
tt0001878	The Sheriff's Brother
tt0001879	The Sheriff's Chum
tt0001880	The Sheriff's Decision
tt0001881	Los siete niños de Écija o Los bandidos de Sierra Morena
tt0001882	The Silent Tongue
tt0001883	The Silken Thread
tt0001884	Simpkin's Dream of a Holiday
tt0001885	Sir Percy and the Punchers
tt0001886	The Siege of Calais
tt0001887	The Skating Bug
tt0001888	The Sky Pilot
tt0001889	Skæbnebæltet
tt0001890	The Smile of a Child
tt0001891	The Sorrowful Example
tt0001892	Den sorte drøm
tt0001893	The Spanish Gypsy
tt0001894	Spike Shannon's Last Fight
tt0001895	Sport Hípico
tt0001896	The Squaw's Love
tt0001897	The Stage Driver's Daughter
tt0001898	A Stage Romance
tt0001899	The Stampede
tt0001900	The Star Spangled Banner
tt0001901	The Stolen Dog
tt0001902	The Story of the Indian Ledge
tt0001903	The Strike at the Little Jonny Mine
tt0001904	The Stuff Heroes Are Made Of
tt0001905	The Stuff That Dreams Are Made Of
tt0001906	The Subduing of Mrs. Nag
tt0001907	Sunshine Through the Dark
tt0001908	The Surgeon's Temptation
tt0001909	Swank and the Remedy
tt0001910	Sweet Memories
tt0001911	Nell Gwynne
tt0001912	The Switchman's Tower
tt0001913	Swords and Hearts
tt0001914	The Devil's Assistant
tt0001915	A Tale of Two Cities
tt0001916	Tarragona monumental
tt0001917	Teaching Dad to Like Her
tt0001918	Telemachus
tt0001919	The Telltale Knife
tt0001920	Temblor de 1911 en México
tt0001921	A Terrible Discovery
tt0001922	That Winsome Winnie Smile
tt0001923	Their First Misunderstanding
tt0001924	The Thief and the Girl
tt0001925	Three Million Dollars
tt0001926	The Three Musketeers: Part 2
tt0001927	Three Sisters
tt0001928	Through Darkened Vales
tt0001929	Through His Wife's Picture
tt0001930	The Thumb Print
tt0001931	A Thwarted Vengeance
tt0001932	The Tomboy
tt0001933	La Tosca
tt0001934	The Toss of a Coin
tt0001935	The Totem Mark
tt0001936	Trading His Mother
tt0001937	The Trail of Books
tt0001939	The Tribe's Penalty
tt0001940	Trilby and Svengali
tt0001941	Troublesome Secretaries
tt0001942	A True Westerner
tt0001943	Two Can Play at the Same Game
tt0001944	The Two Chorus Girls
tt0001945	Two Christmas Hampers
tt0001946	The Two Fugitives
tt0001947	Two Officers
tt0001948	The Two Orphans
tt0001949	The Two Paths
tt0001950	The Two Reformations
tt0001951	The Two Sides
tt0001952	The Two-Gun Man
tt0001954	Uncle Hiram's List
tt0001955	Uncle's Picnic
tt0001956	Under the Stars and Bars
tt0001957	Under forvandlingens lov
tt0001959	An Unknown Language
tt0001960	The Unveiling
tt0001961	An Unwilling Cowboy
tt0001962	Van Bibber's Experiment
tt0001963	Temptations of a Great City
tt0001964	The Traitress
tt0001965	Vicio y virtud
tt0001966	A Victim of Circumstances
tt0001967	Life as It Is
tt0001968	The Voice of the Child
tt0001969	Was He a Coward?
tt0001970	A Western Girl's Sacrifice
tt0001971	Western Hearts
tt0001972	A Western Redemption
tt0001973	What Shall We Do with Our Old?
tt0001974	What a Woman Can Do
tt0001975	The Wheels of Justice
tt0001976	When Love and Honor Called
tt0001977	When Two Hearts Are Won
tt0001978	When a Man Loves
tt0001979	When a Man's Married His Trouble Begins
tt0001980	When the Cat's Away
tt0001981	The White Medicine Man
tt0001982	The White Red Man
tt0001983	The White Rose of the Wilds
tt0001984	Why He Gave Up
tt0001985	The Winds of Fate
tt0001986	The Wizard and the Brigands
tt0001987	A Woman Scorned
tt0001988	The Woodcutter's Romance
tt0001989	A Wreath of Orange Blossoms
tt0001990	The Yiddisher Cowboy
tt0001992	Zwei Frauen
tt0001993	L'électrocuté
tt0001994	An Actor's Romance
tt0001995	Adam and Eve
tt0001996	The Adventure of the Italian Model
tt0001997	The Adventure of the Retired Army Colonel
tt0001998	The Adventures of Lieutenant Petrosino
tt0001999	Agaton och Fina
tt0002000	The Agitator
tt0002001	The Alaska-Siberian Expedition
tt0002002	The Alcalde's Conspiracy
tt0002003	Alias Billy Sargent
tt0002004	Alkali Ike Bests Broncho Billy
tt0002005	Alkali Ike Plays th