id,title
1,Carmencita
2,Le clown et ses chiens
3,Pauvre Pierrot
4,Un bon bock
5,Blacksmith Scene
6,Chinese Opium Den
7,Corbett and Courtney Before the Kinetograph
8,Edison Kinetoscopic Record of a Sneeze
9,Miss Jerry
10,Leaving the Factory
11,Akrobatisches Potpourri
12,The Arrival of a Train
13,The Photographical Congress Arrives in Lyon
14,The Waterer Watered
15,Autour d'une cabine
16,Boat Leaving the Port
17,Italienischer Bauerntanz
18,Das boxende Känguruh
19,The Clown Barber
20,The Derby 1895
22,Blacksmith Scene
23,The Sea
24,Opening of the Kiel Canal
25,The Oxford and Cambridge University Boat Race
26,The Messers. Lumière at Cards
27,Cordeliers' Square in Lyon
28,Fishing for Goldfish
29,Baby's Meal
30,Rough Sea at Dover
31,Jumping the Blanket
32,Die Serpentintänzerin
33,Horse Trick Riders
34,Arrivée d'un train gare de Vincennes
35,Watering the Flowers
36,Awakening of Rip
37,Sea Bathing
38,The Ball Game
39,Barnet Horse Fair
40,Barque sortant du port de Trouville
41,Bataille de neige
42,Bateau-mouche sur la Seine
43,Batteuse à vapeur
44,Le bivouac
45,Les blanchisseuses
46,Bois de Boulogne
47,Boulevard des Italiens
48,The Boxing Kangaroo
49,"Boxing Match; or, Glove Contest"
50,Bébé et fillettes
51,The Bohemian Encampment
52,Ruraux au galop
53,A Chegada do Comboio Inaugural à Estação Central do Porto
54,A Merry-Go-Round
55,Le chiffonnier
56,Uma Corrida de Touros no Campo Pequeno
57,Cortège de tzar allant à Versailles
58,Cortège de tzar au Bois de Boulogne
59,Coronation of a Village Maiden
60,Dancing Darkies
61,Dancing Girls
62,Danse serpentine
63,Dessinateur express
64,Dessinateur: Chamberlain
65,Dessinateur: Reine Victoria
66,Dessinateur: Von Bismark
67,Conjurer Making Ten Hats in Sixty Seconds
68,Unloading the Boat
69,Post No Bills
70,Demolition of a Wall
71,Automobiles Starting a Race
72,Officers of French Army Leaving Service
73,Effets de mer sur les rochers
74,Enfants jouant sur la plage
75,The Conjuring of a Woman at the House of Robert Houdin
76,Exit of Rip and the Dwarf
77,"Le fakir, mystère indien"
78,Feira de Gado na Corujeira
79,La gare Saint-Lazare
80,Grandes manoeuvres
81,Towing a Boat on the River
82,A Hard Wash
83,Les indiscrets
84,Les ivrognes
85,Gardener Burning Weeds
86,"Beach and Pier at Trouville, 1st part"
87,"Beach and Pier at Trouville, 2nd part"
88,Market Day
89,Leaving Jerusalem by Railway
90,Libération des territoriaux
91,The House of the Devil
92,Marée montante sur Brise-Larmes
93,Melbourne
94,Miss de Vere
95,The Mysterious Paper
96,Place Saint-Augustin
97,"Place de l'Opéra, First View"
98,"Place de l'Opéra, Second View"
99,Place de la Bastille
100,Place de la Concorde
101,Place du théâtre français
102,The Beach at Villiers in a Gale
103,Smarter than the Teacher
104,Pompiers à Lyon
105,The Docks at Marseilles
106,Retour au cantonnement
107,Naval Review at Cherburg
108,Rip Leaving Sleepy Hollow
109,Rip Meeting the Dwarf
110,Rip Passing Over the Mountain
111,Rip's Toast
112,Rip's Toast to Hudson
113,Rip's Twenty Years' Sleep
114,French Regiment Going to the Parade
115,Réunion d'officiers
116,Sac au dos
117,Saída do Pessoal Operário da Fábrica Confiança
118,Salut malencontreux d'un déserteur
119,"Rescue on the River, Pt. 2"
120,"Rescue on the River, Pt. 1"
121,The Soldier's Courtship
122,Closing Hours at Vibert's Perfume Factory
123,Conjuring
124,Tempête sur la jetée du treport
125,The Terrible Railway Accident
126,Tom Old Boot
127,Les tribulations d'un concierge
128,Academy for Young Ladies
129,Un petit diable
130,Une altercation au café
131,A Terrible Night
132,Card Party
133,La voiture du potier
134,The Wandering Negro Minstrels
135,A Watermelon Feast
137,Au réfectoire
138,The Bewitched Inn
139,L'aveugle
140,Baignade dans le torrent
141,Ballet libella
142,Buffalo Bill and Escort
143,Les cambrioleurs
144,Chez le magnétiseur
145,En classe
146,Le cocher de fiacre endormi
147,The Corbett-Fitzsimmons Fight
148,Le Coucher d'Yvette
149,Behind the Scenes
150,Danse fleur de lotus
151,Faust et Marguerite
152,The Hallucinated Alchemist
153,The Haunted Castle
154,Henley Regatta
155,The Hypnotist at Work
156,A Badly Managed Hotel
157,Idylle
158,Idylle interrompue
159,The Devil's Laboratory
160,The Last Days of Pompeii
161,Leçon de danse
162,Niagara Falls
163,Le planton du colonel
164,Le pêcheur dans le torrent
165,Riña en un café
166,Salida de los trabajadores de la fábrica España Industrial
167,Salida de misa de doce del Pilar de Zaragoza
168,Salida del público de la iglesia parroquial de Santa María de Sans
169,Slagsmål i gamla Stockholm
170,The Twins' Tea Party
171,Une nuit agitée
172,The X-Ray Fiend
173,Battle of Santiago Bay
174,Výstavní párkar a lepic plakátù
175,A Sea Cave Near Lisbon
176,Brittania
177,The Burglar on the Roof
178,The Cavalier's Dream
179,The Cave of the Demons
180,Le chemin de croix
181,Cinderella
182,"Come Along, Do!"
183,The Corsican Brothers
184,Cripple Creek Bar-Room Scene
185,La crèche à Bethléem
186,Le cuirassé Maine
187,La cène
188,The Deserter
189,Dorotea
190,Dostavenícko ve mlýnici
191,Déménagement à la cloche de bois
192,"Ella Lola, a la Trilby"
193,L'entrée à Jérusalem
194,Express Train on a Railway Cutting
195,Les farces de Jocko
196,Faust and Mephistopheles
197,La flagellation
198,La fuite en Égypte
199,Glasgow Fire Engine
200,Gran corrida de toros
201,Indian War Council
202,Le jardin des oliviers
203,Je vous y prrrrends!
204,Jésus devant Pilate
205,Leçons de boxe
206,"Llegada de un tren a la estación de ferrocarril del Norte, de Barcelona"
207,London Express
208,The Miller and Chimney Sweep
209,Photographing a Ghost
210,A Novice at X-rays
211,"The Astronomer's Dream; or, The Man in the Moon"
212,Saida do Paquete Duque de Braganca
213,Scène d'escamotage
214,Tearing Down the Spanish Flag
215,Smích a plác
216,Visita de Doña María Cristina y Alfonso XIII a Barcelona
217,Waves and Spray
218,L'affaire Dreyfus
219,Aladdin and the Wonderful Lamp
220,The Artist and the Flower Girl
221,Aspectos da Praia de Cascais
222,Au cabaret
223,L'aveugle
224,Battlefield
225,Beauty and the Beast
226,Boat Race
227,Bombardment of Mafeking
228,La bonne absinthe
229,Casey at the Bat
230,Cinderella
231,Portuguese Railway Train
232,Le chiffonnier
233,Choque de dos transatlánticos
234,Cleopatra's Tomb
235,Haggard's She: The Pillar of Fire
236,Courte échelle
237,Le crucifiement
238,Les dangers de l'alcoolisme
239,Danse serpentine par Mme. Bob Walter
240,Distributing a War Extra
241,La descente de croix
242,The Sign of the Cross
243,Le déjeuner des enfants
244,Erreur judiciaire
245,The Haunted House
246,A Turn of the Century Illusionist
247,King John
248,A Kiss in the Tunnel
249,The Legacy
250,Llegada del vapor Bellver a Mallorca
251,Matches: An Appeal
252,La mauvaise soupe
253,The Miser's Doom
254,Monnaie de lapin
255,Mésaventure d'un charbonnier
256,Panorama from the Tower of the Brooklyn Bridge
257,La résurrection
258,Le tondeur de chiens
259,Le tonnelier
260,Transformations
261,A Midnight Episode
262,Un lunch
263,"Vista de la entrada principal de la plaza de toros de Jerez, el segundo día de feria"
264,Summoning the Spirits
265,Above the Limit
266,Above the Speedway
267,L'angélus
268,L'arléquine
269,"Army Life; or, How Soldiers Are Made: Mounted Infantry"
270,Arrivée d'Arléquin
271,Arrivée de Pierette et Pierrot
272,As Seen Through a Telescope
273,Attack on a China Mission
274,Avenue de l'opéra
275,Badinage
276,Bataille d'oreillers
277,Bataille de boules de neige
278,Buffalo Bill's Show Parade
279,Buffalo Bill's Wild West Parade
280,Buffalo Bill's Wild West Parade
281,Buffalo Bill's Wild West Show
282,Le bébé
283,Chez le Maréchal-Ferrant
284,Chez le photographe
285,Chinese Magic
286,Chirurgie fin de siècle
287,The Clown and the Alchemist
288,La concierge
289,Coucher d'une Parisienne
290,Dance de l'ivresse
291,Dans les coulisses
292,Danse du papillon
293,Danse du pas des foulards par des almées
294,La danse du ventre
295,Danse du voile
296,Danse serpentine
297,Danses
298,Déclaration d'amour
299,Le départ d'Arlequin et de Pierrette
300,The Enchanted Drawing
301,Faust and Marguerite
302,"La fée aux choux, ou la naissance des enfants"
303,Gavotte directoire
304,Grandma's Reading Glass
305,L'Habanera
306,Le duel d'Hamlet
307,Happy Hooligan
308,The House That Jack Built
309,How It Feels to Be Run Over
310,Chimmie Hicks and the Rum Omelet
312,Le lapin
313,Let Me Dream Again
314,Leçon de danse
315,Le marchand de coco
316,Marché à la volaille
317,Le matelot
318,Eine moderne Jungfrau von Orleans
319,Maple Leaf Viewing
320,Mort d'Adonis
321,The Mystic Swing
322,Panorama de Barcelona: monumentos y fiestas
323,Pas Japonais
324,Pas de grâce
325,Pas des éventails
326,Pas du poignard
327,La paysanne
328,La petite magicienne
329,Le Polichinelle
330,La poupée noire
331,La reine des jouets
332,Retour des champs
333,Le sang d'Adonis donnant naissance à la rose rouge
334,Saut humidifié de M. Plick
335,Soldiers of the Cross
336,La source
337,Spanish Bullfight
338,Suite de la danse
339,La tarentelle
340,Uncle Josh in a Spooky Hotel
341,Uncle Josh's Nightmare
342,Une rage de dents
343,Valse directoire
344,Valse lente
345,L'écossaise
346,Another Job for the Undertaker
347,Buffalo Bill's Wild West Parade
348,Charmant froufrou
349,"What Came Out of the Cheese; or, The Lilliputians in a New York Restaurant"
350,The Countryman's First Sight of the Animated Pictures
351,Danses basques
352,Day at the Circus
353,Execution of Czolgosz with Panorama of Auburn Prison
354,Exercício de Artilharia no Hipódromo de Belém
355,Fire!
356,Frivolité
357,The Haunted Curiosity Shop
358,History of a Crime
359,The India Rubber Head
360,Hussards et grisettes
361,Lavatory moderne
362,Lecture quotidienne
363,Magical Sword
364,Panorama of Esplanade by Night
365,Parada de Bombeiros
366,Uma Parada dos Alunos da Casa Pia de Lisboa
367,Pas de colombine
368,Little Red Riding Hood
369,A Road for Children's Bicycles in Barcelona
370,Scrooge; or Marley's Ghost
371,Scène d'amour
372,Scène d'ivresse
373,The Devil's Seven Castles
374,Tel est pris qui croyait prendre
375,Uma Tourada à Antiga Portuguesa
376,A táncz
377,Undressing Extraordinary
378,Les vagues
379,Visita de la escuadra inglesa a Barcelona
380,Sleeping Beauty
381,Buffalo Bill's Wild West Show
382,Carnaval en las ramblas
383,Carreras de caballos en el hipódromo de Barcelona
384,Miss Dundee and Her Performing Dogs
385,Les clowns
386,La cour des miracles
387,The Coronation of King Edward VII
388,Danse excentrique
389,Danse fantaisiste
390,Danse mauresque
391,La dent récalcitrante
392,The Enchanted Cup
393,En faction
394,Farces de cuisinière
395,La fiole enchantée
396,Fruits de saison
397,La gavotte
398,La gigue
399,Jack and the Beanstalk
400,Le lion savant
401,Le marchand de ballons
402,Mother Goose Nursery Rhymes
403,Le pommier
404,Pour secouer la salade
405,La première gamelle
406,The Prince of Darkness
407,Procesión de las hijas de María de la parroquia de Sans
408,Quadrille réaliste
409,Midwife to the Upper Classes
410,Demolishing and Building Up the Star Theatre
411,Trompé mais content
412,The Troublesome Fly
413,The Devil's Money Bags
414,Uncle Josh at the Moving Picture Show
415,A Peculiar Cabinet
416,Alcohol and Its Victims
417,A Trip to the Moon
418,The Wild Man of Borneo
419,L'équilibriste
420,Alice in Wonderland
421,Les apaches pas veinards
422,Les aventures d'un voyageur trop pressé
423,The Enchanted Box
424,Les braconniers
425,Buffalo Bill's Parade
426,Buffalo Bill's Street Parade
427,Cake-walk de la pendule
428,Carreras de bicicletas en el parque
429,La chasse au cambrioleur
430,A Chess Dispute
431,Comme on fait son lit on se couche
432,How Monsieur Takes His Bath
433,Compagnons de voyage encombrants
434,Dorothy's Dream
435,Enlèvement en automobile et mariage précipité
436,An Extraordinary Cab Accident
437,Faust et Méphistophélès
438,Le fiancé ensorcelé
439,The Great Train Robbery
440,La guirlande merveilleuse
441,Gulliver en el país de los gigantes
442,Capital Execution
443,Hiawatha
444,Illusionniste renversant
445,Jocko musicien
446,Kit Carson
447,Life of an American Fireman
448,Le liqueur du couvent
449,Lutteurs américains
450,La main du professeur Hamilton ou le roi des dollars
451,Mary Jane's Mishap
452,The Messenger Boy's Mistake
453,Modelage express
454,La mouche
455,The Music Lover
456,N.Y. Fire Department Returning
457,Ne bougeons plus
458,Nos bons étudiants
459,"Panorama of Riker's Island, N.Y."
460,The Pioneers
461,Potage indigeste
462,La poule fantaisiste
463,Puerto de Barcelona
464,Rip Van Winkle
465,The Kingdom of the Fairies
466,Répétition dans un cirque
467,Secours aux naufragés
468,Service précipité
469,The Sick Kitten
470,Les surprises de l'affichage
471,Uncle Tom's Cabin
472,Uncle Tom's Cabin
473,La valise enchantée
474,Le voleur sacrilège
475,Voyage of the 'Arctic'
476,Après la fête
477,L'assassinat du courrier de Lyon
478,Behind the Scenes
479,Rum vs. Cherries
480,Le coffre enchanté
481,A Collier's Life
482,Comment on disperse les foules
483,Les deux rivaux
484,Les enfants du miracle
485,La gavotte de la reine
486,A Gentleman of France
487,The Great Train Robbery
488,The Land Beyond the Sunset
489,La leçon de pipeau
490,L'oiseau envolé
491,Opening the Williamsburg Bridge
492,Personal
493,"Pierrot, Murderer"
494,Le pompon malencontreux
495,The Pearl Fisher
496,Railroad Smashup
497,A Railway Tragedy
498,Rescued by Rover
499,An Impossible Voyage
500,The Abductors
501,Adventures of Sherlock Holmes
502,Bohemios
503,"Corrida de beneficencia en Zaragoza, por Quinito y Montes"
504,Coso y Paseo de Santa Engracia (Calles y plazas de Zaragoza)
505,The Wig Chase
506,The Effects of Too Much Scotch
507,Departure of Peary and the Roosevelt from New York
508,Desde el coso a la calle Cerdán (Calles y plazas de Zaragoza)
509,The Inexperienced Chauffeur
510,El dúo de la Africana
511,Esmeralda
512,Funeral of Hiram Cronk
513,Gigantes y cabezudos
514,Los guapos de la Vaquería del Parque
515,Los guapos del parque
516,The Electric Hotel
517,El húsar de la guardia
518,Juanito el forzudo
519,The Kleptomaniac
520,The Life of Charles Peace
521,The Little Train Robbery
522,The Moonshiners
523,Moose Hunting in Newfoundland
524,New York Subway
525,Hanging at Jefferson City
526,Pennsylvania Tunnel Excavation
527,Plaza de la Magdalena (Calles y plazas de Zaragoza)
528,"Raffles, the Amateur Cracksman"
529,Reuben in the Opium Joint
530,Se da de comer
531,Los sitios de Chile
532,Torrero y la ribera (Calles y plazas de Zaragoza)
533,The Wooing and Wedding of a Coon
534,The '?' Motorist
535,The Anarchist's Mother-in-Law
536,Apachentanz
537,"Arrival of Immigrants, Ellis Island"
538,"Bilbao, Portugalete y los Altos Hornos"
539,Bonden i København
540,Branden i Frihavnen
541,Caros død
542,Cerveza gratis
543,Kong Christian d. IXs Bisættelse
544,The Dancer's Dream
545,Dream of a Racetrack Fiend
546,Dream of a Rarebit Fiend
547,Ferias en San Sebastián y Cabalgata en la Ría
548,Fiskerliv i Norden
549,En foræring til min Kone
550,Proklamationen af Kong Frederik d. VIII
551,Fæstningskrigen
552,The Hand of the Artist
553,The Haunted Hotel
554,Humorous Phases of Funny Faces
555,Den hvide slavinde
556,Hævnet
557,Kathleen Mavourneen
558,Los kikos
559,Konfirmanden
560,Ladrones burlados
561,The Life of a Cowboy
562,Os Lusíadas
563,Mellem Aber og Bjørne
564,A Modern Oliver Twist
565,The Night Before Christmas
566,Professorens Morgenavis
567,The 400 Tricks of the Devil
568,Rosenborg Have
569,Røverhøvdingens Flugt og Død
570,San Francisco Disaster
571,The San Francisco Earthquake
572,Secreto de confesión
573,Den sorte maske
574,The Story of the Kelly Gang
575,"20,000 Leagues Under the Sea"
576,Ali Baba and the Forty Thieves
577,"Angelo, Tyrant of Padua"
578,"An Awful Skate; or, the Hobo on Rollers"
579,The Bandit Makes Good
580,A Batalha das Flores no Campo Grande
581,Bauernhaus und Grafenschloß
582,Ben Hur
583,The Lady with the Camellias
584,El ciego de la aldea
585,Concurso de sardanas en el parque Guell
586,A Curious Dream
587,La dea del mare
588,Der var engang
589,Descoberta da América por Cristovão Colombo
590,Dr. Skinum
591,The Prodigal Son
592,Eureka Stockade
593,Fiestas de San Antonio
594,The Flight from the Seraglio
595,From the Rococo Times
596,Fyrtøjet
597,The Magic Mirror
598,"Hamlet, Prince of Denmark"
599,Polar Bear Hunt
601,Lohengrin
602,Lion Hunting
603,The Magic Fountain Pen
604,A Misalliance
605,Mordet paa Fyn
606,Mr. Gay and Mrs.
607,La muerte del tirano
608,En ny hat til Madammen
609,Othello
610,Othello
611,In the Sultan's Power
612,Procesión marítima en Santa Cristina
613,O Rapto de Uma Actriz
614,The Red Spectre
615,Robbery Under Arms
616,Romería a San Medín
617,The Robber's Sweetheart
618,Salaviinanpolttajat
619,Stalking and Shooting Caribou in Newfoundland
620,The Will
621,That Fatal Sneeze
622,Tierra baja
623,The Magic Bag
624,The Ugly Duckling
625,Villafranca: Fiestas del Drac y bailes típicos
626,Yale Laundry
627,'Ostler Joe
628,The Adventures of Dollie
629,After Many Years
630,Hamlet
631,Hamlet
632,Amor que mata
633,The Anarchist's Sweetheart
634,Antony and Cleopatra
636,As You Like It
637,The Assassination of the Duke de Guise
638,At the Crossroads of Life
639,At the French Ball
640,An Awful Moment
641,Balked at the Altar
642,The Bandit's Waterloo
643,Barbara Fritchie: The Story of a Patriotic American Woman
644,Behind the Scenes
645,Betrayed by a Handprint
646,Biblical Scenes
647,Bjørnejagten
648,The Black Viper
649,Bobby's Kodak
650,The Boston Tea Party
651,"The Boy Detective, or the Abductors Foiled"
653,A Calamitous Elopement
654,The Call of the Wild
655,Los calzoncillos de Tony
656,The Grateful Dog
657,Carreras de caballos de 1908
658,The Puppet's Nightmare
659,Caught by Wireless
660,The Christmas Burglars
661,Humanity Through the Ages
662,Classmates
663,The Clubman and the Tramp
664,Los competidores
665,Concealing a Burglar
666,Corrida de toros con Antonio Fuentes
667,Corrida de toros con Ricardo Torres 'Bombita'
668,The Count of Monte Cristo
669,Cupid's Pranks
670,El curioso impertinente
671,Desdemona
672,The Devil
673,La Dolores
674,Don Juan Tenorio
675,Don Quijote
676,Don Álvaro o la fuerza del sino
677,Ex-Convict No. 900
678,Excursión a Montserrat
679,The Fairylogue and Radio-Plays
680,Falsely Accused!
681,A Famous Escape
682,A Fantasy
683,The Fatal Hour
684,Father Gets in the Game
685,The Feud and the Turkey
686,Fiestas del carnaval de 1908 en Barcelona
687,"A Florida Feud: or, Love in the Everglades"
688,The Flower Girl of Paris
689,For Love of Gold
690,For a Wife's Honor
691,The French Maid
692,El fusilamiento de Dorrego
693,Gerona monumental
694,The Girl and the Outlaw
695,The Greaser's Gauntlet
696,El guardia burlado
697,The Guerrilla
698,The Heart of O Yama
699,The Helping Hand
700,Her First Adventure
701,His Day of Rest
703,Hulda's Lovers
704,The Humpty Dumpty Circus
705,Inauguración de la exposición hispano-francesa
706,"Ingomar, the Barbarian"
707,The Ingrate
708,The Invisible Fluid
709,Julius Caesar
711,The Kentuckian
712,King of the Cannibal Islands
713,The King's Messenger
714,Leah the Forsaken
715,The Life of an American Cowboy
716,Lonesome Junction
717,Macbeth
718,Making Moving Pictures
719,"Mallorca, isla dorada"
720,The Man and the Woman
721,The Man in the Box
722,The Red Barn Mystery
723,María Rosa
724,The Merchant of Venice
725,Mixed Babies
726,Monasterio de Poblet
727,Monday Morning in a Coney Island Police Court
728,Money Mad
729,Os Moços de Fretes Têm Sede
730,Mr. Jones at the Ball
731,Mrs. Jones Entertains
732,The Music Master
733,"Old Isaacs, the Pawnbroker"
734,Othello
736,The Outlaw
737,Over the Hill to the Poorhouse
738,The Paris Hat
739,El pastorcito de Torrente
740,The Pirate's Gold
741,The Planter's Wife
742,Poverty and Compassion
743,The Princess in the Vase
744,Professional Jealousy
745,"Raffles, an American Cracksman"
746,The Reckoning
747,The Reg Girl
748,The Red Man and the Child
749,Rescued from an Eagle's Nest
750,Richard III
751,The Roman
752,Romance of a Jewess
753,The Romance of an Egg
754,Romeo and Juliet
755,The Dream of an Opium Fiend
756,The Sculptor's Nightmare
757,She
758,Sherlock Holmes
759,Sherlock Holmes II: Raffles Escaped from Prison
760,Sherlock Holmes III: The Detective's Adventure in the Gas Cellar
761,"Simulacro de bomberos en la Plaza de Cataluña, de Barcelona"
762,A Smoked Husband
763,The Snowman
764,The Song of the Shirt
765,The Stage Rustler
766,The Stage-Struck Daughter
767,The Stolen Jewels
768,Svend Dyrings hus
769,Knight of Black Art
770,The Taming of the Shrew
771,The Tavern Keeper's Daughter
772,The Test of Friendship
773,Thompson's Night Out
774,To the Custody of the Father
775,Susceptible Youth
776,The Last Days of Pompeii
777,An Unexpected Santa Claus
778,The Valet's Wife
779,The Vaquero's Vow
780,"Hercules the Athlete; or, Love Behind the Scenes"
781,The Viking's Daughter: The Story of the Ancient Norsemen
782,"A Visit to the Seaside at Brighton Beach, England"
783,When Knighthood Was in Flower
784,When Knights Were Bold
785,Where the Breakers Roar
786,Wiegenlied
787,A Woman's Way
788,The Yellow Peril
789,The Zulu's Heart
790,The Battle in the Clouds
791,Amor heroico
792,And a Little Child Shall Lead Them
793,Andreas Hofer
794,The Apache Girl's Revenge
795,The Artist's Revenge
796,As It Is in Real Life
797,At the Altar
798,An Attempt to Smash a Bank
799,Aventuras de Pepín
800,The Awakening
801,A Baby's Shoe
802,The Bailiff and the Dressmakers
803,The Child Benefactor
804,El barranco del lobo
805,Baño imprevisto
806,The Best Man Wins
807,The Better Way
808,Betty's Choice
809,Bill Sharkey's Last Game
810,The Black Sheep
811,The Blind Man
812,El blocao Velarde
813,Bluebeard
814,La bocana de Mar Chica
815,The Brahma Diamond
816,The Broken Locket
817,A Message to Napoleon
818,The Burglar and the Child
819,A Burglar's Mistake
820,Campaña del Riff
821,The Cardinal's Conspiracy
822,Celos gitanos
823,A Change of Heart
824,A Child of the Forest
825,The Children's Friend
826,Choosing a Husband
827,"Comata, the Sioux"
828,Confidence
829,A Convict's Sacrifice
830,Corazón de madre
831,The Cord of Life
832,A Corner in Wheat
833,The Country Doctor
834,A Coward's Courage
835,The Cricket on the Hearth
836,Os Crimes de Diogo Alves
837,The Criminal Hypnotist
838,A Cultura do Cacau
839,The Curse of Money
840,The Curtain Pole
841,The Day After
842,De Garraf a Barcelona
843,The Death Disc: A Story of the Cromwellian Period
844,The Death of Ivan the Terrible
845,The Deception
846,Un día en Xochimilco
847,Don Juan heiratet
848,The Painting of a Miraculous Spider
849,Dos guapos frente a frente
850,Los dos hermanos
851,The Drive for a Life
852,A Drunkard's Reformation
853,The Eavesdropper
854,Edgar Allan Poe
855,Eloping with Auntie
856,Entrevista de los Presidentes Díaz-Taft
857,Eradicating Aunty
858,The Expiation
859,Fabricación del corcho en Sant Feliu de Guixols
860,The Faded Lilies
861,A Fair Exchange
862,Faldgruben
863,Farmer Giles' Visit to London
864,The Fascinating Mrs. Francis
865,A Father's Mistake
866,Fellow Clerks
867,Fiesta de toros
868,Fiestas de Santa Lucía - Belenes
869,Fiestas en La Garriga
870,A Fool's Revenge
871,Fools of Fate
872,The Foundling
873,Bakchisarayskiy fontan
874,The French Duel
875,The Friend of the Family
876,Fuss and Feathers
877,Getting Even
878,The Gibson Goddess
879,Gira política de Madero y Pino Suárez
880,The Girls and Daddy
881,Le glas du père Césaire
882,The Golden Louis
883,The Grey Lady
884,The Red Domino
885,Guzmán el Bueno
886,"Hamlet, Prince of Denmark"
887,Hansel and Gretel
888,The Heart of a Clown
889,The Heart of a Cowboy
890,The Heart of an Outlaw
891,Cycle Rider and the Witch
892,Her First Biscuits
893,Her Indian Hero
894,The Farmer's Grandson
895,The Hessian Renegades
896,The Hindoo Dagger
897,His Duty
898,His Lost Love
899,His Reformation
900,His Ward's Love
901,His Wife's Mother
902,His Wife's Visitor
903,The Honor of Thieves
904,The House of Cards
905,I Did It
906,The Idiot of the Mountains
907,In Little Italy
908,In Old Kentucky
909,In a Hempen Bag
910,In the Watches of the Night
911,In the Window Recess
912,The Indian Runner's Romance
913,The Indian Trailer
914,Industria del corcho
915,Jailbird in Borrowed Feathers
916,Je voudrais un enfant
917,Jealousy and the Man
918,"Jessie, the Stolen Child"
919,The Jilt
920,Jones and His New Neighbors
921,Jones and the Lady Book Agent
922,The Joneses Have Amateur Theatricals
923,El joyero
924,A Bad Case
925,Judgment
926,Justicia de Felipe II
927,Kinemacolor Puzzle
928,King Lear
929,Klebolin klebt alles
930,Der kleine Detektiv
931,Dødsspringet
932,A Woman of the People
933,Lady Helen's Escapade
934,Leather Stocking
935,The Light That Came
936,Lines of White on a Sullen Sea
938,The Little Darling
939,The Little Teacher
940,Lochinvar
941,Locura de amor
942,The Lonely Villa
943,Love Finds a Way
944,The Luck of the Cards
945,Lucky Jim
946,The Lure of the Gown
947,Lægens offer
948,La légende de l'arc-en-ciel
949,Det løbske gasrør
950,Macbeth
951,"Madam Sans Gene; or, The Duchess of Danzig"
952,Madame de Langeais
953,A Maid of the Mountains
954,Mamma
955,A Man with Three Wives
956,The Maniac Cook
957,Mariage forcé
958,The Medicine Bottle
959,Melilla y el Gurugu
960,The Mended Lute
961,The Message
962,The Mexican Sweethearts
963,A Mexican's Gratitude
964,A Midnight Adventure
965,Midnight Disturbance
966,A Midsummer Night's Dream
967,The Mills of the Gods
968,Mistaken Identity
969,Les Misérables
970,The Life of Moliere
971,The Mill
972,The Mountaineer's Honor
974,Mr. Jones Has a Card Party
975,Mr. Jones' Burglar
976,"Mrs. Jones' Lover; or, 'I Want My Hat'"
977,Mutterliebe
978,Napoleon og hans lille Trompetist
979,"Napoleon, the Man of Destiny"
980,A Narrow Escape from Lynching
981,The Necklace
982,The New Servant
983,A New Trick
984,Niños en la alameda
985,The Note in the Shoe
986,Nursing a Viper
987,How Brother Cook was Taught a Lesson
988,The Short-Sighted Governess
989,"Oh, Uncle!"
990,Oliver Twist
991,On the Little Big Horn or Custer's Last Stand
992,De onde Veje
993,One Busy Hour
994,One Good Turn Deserves Another
995,One Touch of Nature
996,Only a Tramp
997,The Open Gate
998,Othello
999,Paul Wang's Destiny
1000,The Peachbasket Hat
1001,"Pippa Passes; or, the Song of Conscience"
1002,The Politician's Love Story
1003,Por un ratón
1004,Portrait of Mireille
1005,Pranks
1006,Primera carrera internacional de automóviles 'Peña-Rhin'
1007,La primera y segunda casetas
1008,The Prince and the Pauper
1009,"Princess Nicotine; or, The Smoke Fairy"
1010,Protección de un convoy de víveres en el puente de camellos
1011,The Prussian Spy
1012,The Ranchman's Rival
1013,The Redman's View
1014,The Renunciation
1015,The Restoration
1016,Resurrection
1017,A Wedding During the French Revolution
1018,Richelieu; or: The Conspiracy
1019,The Road Agents
1020,The Road to the Heart
1021,Robbing the Widowed and Fatherless
1022,A Rose of the Tenderloin
1023,The Roue's Heart
1024,A Rude Hostess
1025,A Rural Elopement
1026,Ruy Blas
1027,The Sacrifice
1028,Salome Mad
1029,The Salvation Army Lass
1030,Saul and David
1031,Schneider's Anti-Noise Crusade
1032,The Sealed Room
1033,The Seventh Day
1034,Shanghaied
1035,She Would Be an Actress
1036,Sherlock Holmes IV
1037,Sherlock Holmes V
1038,Sherlock Holmes VI
1039,A Sinner's Repentance
1040,A Sister's Love: A Tale of the Franco-Prussian War
1041,The Slave
1042,The Sleepwalker
1043,Smith's Knockabout Theatre
1044,The Son's Return
1045,A Midsummer Night's Dream
1046,A Sound Sleeper
1047,The Spanish Girl
1048,The Special License
1049,Gøngehøvdingen
1050,A Strange Meeting
1051,El sueño milagroso
1052,The Suicide Club
1053,A Sweet Revenge
1054,Sweet and Twenty
1055,A Tale of the West
1056,Teaching a Husband a Lesson
1057,Ten Nights in a Barroom
1058,Tender Hearts
1059,O Terremoto de Benavente
1060,The Test
1061,They Would Elope
1062,Those Awful Hats
1063,Those Boys!
1064,Through the Breakers
1065,Tis an Ill Wind That Blows No Good
1066,De to guldgravere
1067,To Save Her Soul
1068,Toma caseta Z
1069,Toma del Gurugu
1070,Tragedia torera
1071,Tragic Love
1072,A Trap for Santa Claus
1073,The Treacherous Policeman
1074,The Trick That Failed
1075,A Troublesome Satchel
1076,Trying to Get Arrested
1077,Twin Brothers
1078,Two Memories
1079,Two Women and a Man
1080,Two of the Boys
1081,La vida en el campamento
1082,Viernes de dolores
1083,The Violin Maker of Cremona
1084,The Voice of the Violin
1085,"Wanted, a Child"
1086,Was Justice Served?
1087,Washington Under the American Flag
1088,The Way of Man
1089,We Must Do Our Best
1090,The Welcome Burglar
1091,What Drink Did
1092,What's Your Hurry?
1093,When Thieves Fall Out
1094,The Winning Coat
1095,With Her Card
1096,Within an Ace
1097,A Woman's Vanity
1098,The Wooden Leg
1099,A Wreath in Time
1100,The Wrong Coat
1101,Abraham Lincoln's Clemency
1102,Across the Plains
1103,An Affair of Hearts
1104,The Affair of an Egg
1105,The Woman Always Pays
1106,Alice's Adventures in Wonderland
1107,All on Account of the Milk
1108,Almost
1109,L'aluminite
1110,Amateur Night
1111,Ambrosius
1112,Amleto
1113,Amor gitano
1114,The Angel of the Studio
1115,Ansigttyven I
1116,Ansigttyven II
1117,Cleopatra
1118,An Arcadian Maid
1119,Arms and the Woman
1120,As It Is in Life
1121,As the Bells Rang Out!
1122,The Red Inn
1123,Away Out West
1124,The Bad Man's Christmas Gift
1125,The Bad Man's Last Deed
1126,A Rough Night on the Bridge
1127,Baixant de la font del Gat
1128,The Bandit's Wife
1129,The Banker's Daughters
1130,The Bearded Bandit
1131,Behind the Scenes
1132,The Bewitched Boxing Gloves
1133,The Blue Bird
1134,Briton and Boer
1135,The Broken Doll
1136,A Broken Spell
1137,Broncho Billy's Redemption
1138,The Brothers
1139,Buffalo Bill's Wild West and Pawnee Bill's Far East
1140,The Bully
1141,The Butterfly
1142,By Order of Napoleon
1143,The Call to Arms
1144,The Call
1145,Carceleras
1146,Carminella
1147,O Centenário da Guerra Peninsular
1148,Chantecler Atraiçoado
1149,The Child and the Fiddler
1150,A Child of the Ghetto
1151,A Child's Faith
1152,A Child's Impulse
1153,A Child's Stratagem
1154,Circle C Ranch's Wedding Present
1155,The Clerk's Downfall
1156,The Cloister's Touch
1157,The Common Enemy
1158,Concurso de niños
1159,The Connecticut Yankee
1160,Conscience
1161,The Converts
1162,Un corpus de sangre
1163,Corrida da Rampa
1164,The Coster's Wedding
1165,The Course of True Love
1166,The Courtship of Miles Standish
1167,The Cowboy and the Squaw
1168,A Cowboy's Mother-in-Law
1169,The Cowboy's Sweetheart
1170,A Cowboy's Vindication
1171,The Cowpuncher's Ward
1172,Cretinetti e le donne
1173,The Crime of a Grandfather
1174,Cyclone Pete's Matrimony
1175,Camille
1176,The Dancing Girl of Butte
1177,Davy Crockett
1178,The Deputy's Love Affair
1179,Desfile histórico del centenario
1180,The Desperado
1181,El diablo está en Zaragoza
1182,A Dixie Mother
1183,Djævlesonaten
1184,Don Juan de Serrallonga
1185,Dorian Grays Portræt
1186,Dorothy and the Scarecrow in Oz
1187,The Duke's Plan
1188,The Dumb Half Breed's Defense
1189,Den døde Rotte
1190,Døden
1191,Effecting a Cure
1192,The Electrical Vitalizer
1193,Elektra
1194,Elskovsleg
1195,Elverhøj
1196,Elverhøj
1197,Les enfants d'Édouard
1198,The Engineer's Romance
1199,The Engineer's Daughter
1200,The Englishman and the Girl
1201,La esclusa
1202,Examination Day at School
1203,Excursión al Gombreny
1204,La expiación
1205,Fabricación del cemento Asland
1206,The Face at the Window
1207,Faithful
1208,The Farmer's Daughter
1209,Una farsa de colas
1210,A Fatal Picnic
1211,Faust
1212,La fecha de Pepín
1213,The Fence on 'Bar Z' Ranch
1214,"The Vow; or, Jephthah's Daughter"
1215,The End of Paganini
1216,The Final Settlement
1217,A Flash of Light
1218,A Fallen Spirit
1219,Flores y perlas
1220,The Flower of the Ranch
1221,For Her Sister's Sake
1222,The Forest Ranger
1223,Frankenstein
1224,The Freezing Mixture
1225,From Storm to Sunshine
1226,From Tyranny to Liberty
1227,The Fugitive
1228,A Gambler of the West
1229,Et gensyn
1230,Gentleman Joe
1231,The Girl and the Fugitive
1232,The Girl from Arizona
1233,The Girl on Triple X
1234,Gold Is Not All
1235,A Gold Necklace
1236,The Gold Seekers
1237,The Golden Supper
1238,Great Fight at All-Sereno
1239,Los guapos
1240,Hamlet
1241,Hamlet
1242,Hamlet
1243,Her Father's Pride
1244,Her Photograph
1245,Her Terrible Ordeal
1246,La hija del guardacostas
1247,His Brother's Wife
1248,His Last Burglary
1249,His Last Dollar
1250,His Mother's Necklace
1251,His New Lid
1252,His Only Daughter
1253,His Sister-in-Law
1254,The Honor of His Family
1255,The Hoodoo
1256,The House with Closed Shutters
1257,The House of the Seven Gables
1258,The White Slave Trade
1259,The Iconoclast
1260,The Impalement
1261,Impersonating the Policeman Lodger
1262,In Life's Cycle
1263,In Neighboring Kingdoms
1264,In Old California
1265,In the Border States
1266,In the Hands of the Enemy
1267,In the Mission Shadows
1268,In the Season of Buds
1269,An Indian Girl's Love
1270,An Indian Wife's Devotion
1271,Inundaciones en Lérida
1272,Jake's Daughter
1273,The Jewel Case
1274,John Dough and the Cherub
1275,Juggling on the Brain
1276,Justicias del rey Don Pedro
1277,Kapergasten
1278,A Knot in the Plot
1279,Kærlighed og selvmord
1280,Copenhagen by Night
1281,The Lady and the Burglar
1282,The Land of Oz
1283,The Last Deal
1284,The Lesson
1285,The Life of Moses
1286,Little Angels of Luck
1287,The Little Orphan
1288,The Little Prospector
1289,Llegada del marqués de Polavieja a Veracruz
1290,The Long Trail
1291,Lord Blend's Love Story
1292,Love Among the Roses
1293,Love of Chrysanthemum
1294,Love's C. Q. D.
1295,Lucha fratricida o Nobleza aragonesa
1296,La lucha por la divisa
1297,Luck of Roaring Camp
1298,A Lucky Toothache
1299,Macbeth
1300,A Mad Infatuation
1301,Madre mía
1302,The Maid of Niagara
1303,The Man
1304,Mannequins
1305,La manta del caballo
1306,The Fairy Bookseller
1307,The Marked Time-Table
1308,The Marked Trail
1309,The Masher
1310,May and December
1311,"Mazeppa, or the Wild Horse of Tartary"
1312,Mellem pligt og kærlighed
1313,Et menneskeliv
1314,Il mercante di Venezia
1315,The Message of the Violin
1316,Messaline
1317,The Mexican's Faith
1318,Michael Strogoff
1319,A Midnight Cupid
1320,Os Milagres de Nossa Senhora da Penha
1321,The Cowboy Millionaire
1322,The Millionaire and the Ranch Girl
1323,The Miser's Child
1324,The Missing Bridegroom
1325,The Mistaken Bandit
1326,The Modern Prodigal
1327,A Mohawk's Way
1328,Montblanc la serra
1329,El moscardón
1330,"A Mother's Devotion; or, the Firing of the Patchwork Quilt"
1331,A Moving Picture Rehearsal
1332,Muggsy Becomes a Hero
1333,Muggsy's First Sweetheart
1334,Never Again
1335,The New Magdalen
1336,The New Stenographer
1337,The Newlyweds
1338,A Night in May
1339,Not So Bad as It Seemed
1340,The Oath and the Man
1341,Jarní sen starého mládence
1342,The Old Hat
1343,The Old Soldier
1344,An Old Story with a New Ending
1345,On the Reef
1346,"One Night, and Then --"
1347,Ononko's Vow
1348,Orientalsk dans
1349,Our Darling
1350,The Outlaw's Sacrifice
1351,Over Silent Paths
1352,The Padre's Secret
1353,Paganini
1354,Pals of the Range
1355,Para domar la suegra
1356,Parada militar en el paseo
1357,Patricia of the Plains
1358,Peder Tordenskjold
1359,A Pesca do Bacalhau
1360,The Phoenix
1361,The Picture Thieves
1362,A Plain Song
1363,The Plans of the Fortress
1364,El pobre Valbuena
1365,The Pony Express Rider
1366,Un portero modelo
1367,Pride of the Range
1368,The Princess and the Peasant
1369,The Purgation
1370,Rainha Depois de Morta Inês de Castro
1371,Ramona
1372,The Ranch Girl's Legacy
1373,Ranch Life in the Great Southwest
1374,The Ranchman's Feud
1375,The Range Riders
1376,The Ranger's Bride
1377,Re Lear
1378,Re Lear
1379,A Record Hustle Through Foggy London
1380,Regina von Emmeritz och konung Gustaf II Adolf
1381,A Recruit from 64
1382,Revolução de 5 de Outubro
1383,Ribera del Llobregat
1384,A Rich Revenge
1385,The Rocky Road
1386,Le roi des parfums
1387,A Romance of the Western Hills
1388,Rose o' Salem Town
1389,A Sailor's Sacrifice
1390,A Salutary Lesson
1391,The Seal of the Church
1392,Segunda carrera automovilista 'Peña-Rhin' (Mataró-Argentona)
1393,Serious Sixteen
1394,The Sheriff's Sacrifice
1395,The Silent Message
1396,Simple Charity
1397,Sisters
1398,The Son of the Executioner
1399,The Smoker
1400,The Song of the Wildwood Flute
1401,The Sorrows of the Unfaithful
1402,The Stricken Home
1403,The Suffragettes and the Hobble Skirt
1404,A Summer Flirtation
1405,A Summer Idyll
1406,A Summer Tragedy
1407,Sunshine Sue
1408,Take Me Out to the Ball Game
1409,Taming Wild Animals
1410,Taming a Husband
1411,Teatro de la naturaleza en Sabadell
1412,The Tenderfoot Messenger
1413,The Tenderfoot's Triumph
1414,That Chink at Golden Gulch
1415,Thou Shalt Not
1416,The Thread of Destiny
1417,Through Fire to Fortune
1418,Tommy Gets His Sister Married
1419,The Tout's Remembrance
1420,A Tragedy of the Olden Times
1421,Le tragique amour de Mona Lisa
1422,Trail to the West
1423,A Woman's Treachery
1424,Trimming of Paradise Gulch
1425,True to His Duty
1426,The Truth Will Out
1427,The Twisted Trail
1428,The Two Brothers
1429,The Two Fathers
1430,Two Little Waifs
1431,The Unchanging Sea
1432,Uncle Tom's Cabin
1434,Under Western Skies
1435,Unexpected Help
1436,The Unknown Claim
1437,Up San Juan Hill
1438,Up a Tree
1439,The Usurer
1440,Valdemar Sejr
1441,The Vampire
1442,A Vein of Gold
1443,A Victim of Jealousy
1444,Värmlänningarne
1445,Waiter No. 5
1446,The Way of the World
1447,The Wedding That Didn't Come Off
1448,Western Chivalry
1449,A Western Maid
1450,A Western Woman's Way
1451,A Westerner's Way
1452,What the Daisy Said
1453,When We Called the Plumber In
1454,When We Were in Our Teens
1455,When the World Sleeps
1456,White Roses
1457,Who Is She?
1458,Wilful Peggy
1459,Winning Back His Love
1460,The Woman from Mellon's
1461,The Woman Hater
1462,A Woman's Folly
1463,The Wonderful Wizard of Oz
1464,A Worker's Wife
1465,As Últimas Inundações do Tejo em Santarém
1466,'Tween Two Loves
1467,Across the Plains
1468,The Adopted Child
1469,The Adventures of Billy
1470,The Adventures of a Baby
1471,En Opfinders Skæbne
1472,After the Ball
1473,The Aggressor
1474,Aida
1475,Amor fatal
1476,Amor que mata
1477,The Amorous Doctor
1478,The Angel of Paradise Ranch
1479,The Angel of the Slums
1480,Arizona Bill
1481,Artful Kate
1482,As in a Looking Glass
1483,At a Quarter of Two
1484,At the Break of Dawn
1485,At the Duke's Command
1486,At the Threshold of Life
1487,The Christian Martyrs
1488,The Hallucinations of Baron Munchausen
1489,The Awakening of John Bond
1490,Back to the Primitive
1491,Back to the Soil
1492,The Backwoodsman's Suspicion
1493,The Bad Man's Downfall
1494,The Bad Man's First Prayer
1495,A Balkan Episode
1496,The Baron
1497,The Battle of Bunker Hill
1498,The Battle of Trafalgar
1499,The Battle
1500,Bedraget i døden
1501,Behind the Stockade
1502,The Best Man Wins
1503,The Better Way
1504,Betty Becomes a Maid
1505,Bill Bumper's Bargain
1506,The Black Arrow
1507,The Blackmailer
1508,The Blind Princess and the Poet
1509,Die Blinde
1510,"Bobby, the Coward"
1511,Bondefangeri i Vaterland
1512,The Border Ranger
1513,A Boy of the Revolution
1514,Boys Will Be Boys
1515,The Brand
1516,Branding a Bad Man
1517,The Broken Cross
1518,Broncho Billy's Adventure
1519,Broncho Billy's Christmas Dinner
1520,Brown's German Liver Cure
1521,En bryllupsaften
1522,Buffalo Bill on the Brain
1523,The Bunco Game at Lizardhead
1524,The Burglar as Father Christmas
1525,Caesar's Prisoners
1526,The Call of the Song
1527,The Cameraman's Revenge
1528,Captain Barnacle's Courtship
1529,Captain Kate
1530,The Bushranger's Bride
1531,"Captain Starlight, or Gentleman of the Road"
1532,Carmen o la hija del contrabandista
1533,Carmenita the Faithful
1534,Carnaval en Palamós
1535,Castillo de Arampruña
1536,A Cattle Rustler's Father
1537,The Cattleman's Daughter
1538,Caught with the Goods
1539,Cain and Abel
1540,The Changing of Silas Warner
1541,Checkmated
1542,The Chief's Daughter
1543,The Child Crusoes
1544,A Christmas Carol
1545,Cinderella
1546,Cinderella
1547,A Citizeness of Paris
1548,The Clown's Sacrifice
1549,The Codfish Industry in Newfoundland
1550,The Coffin Ship
1551,Comrades
1552,Conscience
1553,A Conspiracy Against the King
1554,The Corporation and the Ranch Girl
1555,Cortejo Cívico
1556,The Count and the Cowboys
1557,A Country Cupid
1558,The Country Lovers
1559,The Courting of Mary
1560,The Cowboy Coward
1562,The Puncher's Law
1563,Os Crimes de Diogo Alves
1564,The Crooked Road
1565,The Crusader
1566,A Cure for Crime
1567,Cyrano et d'Assoucy
1568,Dad's Girls
1569,The Caddy's Dream
1570,The Daisy Cowboys
1571,Dan the Dandy
1572,Dandy Dick of Bishopsgate
1573,De Gerona a Olot en ferrocarril (De Olot a Gerona en ferrocarril)
1574,A Dead Man's Honor
1575,The Death of Nathan Hale
1576,The Declaration of Independence
1577,A Decree of Destiny
1578,The Desert Claim
1579,Detective Henry and the Paris Apaches
1580,Le devoir et l'honneur
1581,A Devoted Friend
1582,The Diamond Star
1583,La digue
1584,The Diving Girl
1585,The Doctor
1586,A Dog's Tale
1587,Don Pedro el Cruel
1588,The Dream
1589,Dutch Gold Mine
1590,Dæmonen
1591,Le dévouement d'un gosse
1592,In the Prime of Life
1593,Enoch Arden: Part I
1594,Enoch Arden: Part II
1595,Eskimos in Labrador
1596,Ester: A Biblical Episode
1597,Eugene Wrayburn
1598,The Failure
1599,The Fair Dentist
1600,The Faithful Indian
1601,The Fall of Babylon
1602,El fantasma del castillo
1603,Den farlige leg
1604,The Fatal Wedding
1605,Fate
1606,Fate's Funny Frolic
1607,Fate's Turning
1608,Fattigdommens forbandelse
1609,Feria de ganado en Villarrodona
1610,Fiesta Mayor de Manresa
1611,Fiestas del Sitio en Bilbao
1612,Fiestas en La Bisbal
1613,Fighting Blood
1614,The Four Devils
1615,Fisher Folks
1616,The Fisher-Maid
1617,The Fisherman's Daughter
1618,Flo's Discipline
1619,The Flower Girl of Florence
1620,Following Mother's Footsteps
1621,For Her Brother's Sake
1622,For the Crown
1623,For the Queen's Honor
1624,For aabent Tæppe
1625,The Forester's Plea
1626,Forgiven in Death
1627,Foul Play
1628,The Four Poster Pest
1629,Freezing Auntie
1630,Der fremde Vogel
1631,A French Duel
1632,Friday the 13th
1633,From Factory Girl to Prima Donna
1634,From the Bottom of the Sea
1635,A Frontier Doctor
1636,Galileo
1637,A Gasoline Engagement
1638,The General's Daughter
1639,The General's Only Son
1640,George Warrington's Escape
1641,The Geranium
1642,Get Rich Quick
1643,The Ghost's Warning
1644,The Girl Back East
1645,The Girl and the Motor Boat
1646,The Girl of the West
1647,The Gold Lust
1648,The Golden West
1649,A Good Turn
1650,The Gordian Knot
1652,The Gun Man
1653,The Harsh Father
1654,Heart Beats of Long Ago
1655,The Heart of a Savage
1656,The Heiress
1657,Helping Him Out
1658,Henry VIII
1659,Her Awakening
1660,Her Crowning Glory
1661,Her Darkest Hour
1662,Her Hero
1663,Her Sacrifice
1664,Her Two Sons
1665,Her Wedding Ring
1666,The Hidden Mine
1667,The Hidden Trail
1668,The Highlander
1669,His Birthday
1670,His Conscience
1671,His Daughter
1672,His Dress Shirt
1673,His Friend's Wife
1674,His Last Burglary
1675,His Message
1676,His Mother
1677,His Mother's Scarf
1678,His Nemesis
1679,His Sister's Children
1680,His Trust: The Faithful Devotion and Self-Sacrifice of an Old Negro Servant
1681,His Trust Fulfilled
1682,Home
1683,Home Sweet Home
1684,The Honeymooners
1685,Honor Thy Father
1686,By the House That Jack Built
1687,How Betty Won the School
1688,How Mrs. Murray Saved the American Army
1689,How She Triumphed
1690,How Sir Andrew Lost His Vote
1691,The Hypnotist and the Convict
1692,The Great Moment
1693,The Immortal Alamo
1694,In Old California When the Gringos Came
1695,In Old Madrid
1696,In the Days of '49
1697,In the Days of Chivalry
1698,In the Days of Gold
1699,In the Reign of Terror
1700,In the Sultan's Garden
1701,The Indian Brothers
1702,The Indian Maiden's Lesson
1703,An Indian's Sacrifice
1704,Indiscretions of Betty
1705,Industrias textiles
1706,The Infant at Snakeville
1707,An International Heart Breaker
1708,The Inventor's Son
1709,The Italian Barber
1710,Italian Blood
1711,Jahreszeiten des Lebens
1712,Jane Shore
1713,The Jealous Husband
1714,Johnson at the Wedding
1715,Julius Caesar
1716,Julius Caesar's Sandals
1717,Järnbäraren
1718,Kinemacolor Songs
1719,The King of Indigo
1720,Kit Carson's Wooing
1721,Kitty the Dressmaker
1722,A Knight of the Road
1723,Lady Beaulay's Necklace
1724,The Last Drop of Water
1725,The Last Farewell
1727,Lost Years
1728,The Last of the Mohicans
1729,The Law of the Range
1730,The Leading Lady
1731,The Convict Hero
1732,The Lighthouse Keeper
1733,The Lily of the Tenements
1734,The Little Daughter's Letter
1735,Little Lady Lafayette
1736,Little Nell's Tobacco
1737,"Winsor McCay, the Famous Cartoonist of the N.Y. Herald and His Moving Comics"
1738,Little Red Riding Hood
1739,The Living Peach
1740,The Lonedale Operator
1741,The Long Road
1742,Lost Illusions
1743,The Lost Necklace
1744,The Lost Ring
1746,Lost in the Arctic
1747,Lost in the Jungle
1748,Love Conquers
1749,Love Heeds Not Showers
1750,Love Story of Charles II
1751,Love and Hatred
1752,Love in a Cottage
1753,Love in the Hills
1754,Love or Riches
1755,Love's Strategy
1756,Lucha por la herencia
1757,The Lucky Card
1758,A Lucky Escape
1759,Ludwig from Germany
1760,The Lure of the City
1761,Macbeth
1762,Mrs. Pussy Loves Animals
1763,Madame Rex
1764,Madero al sur del país
1765,The Madman
1766,The Magic Ring
1767,Maid or Man
1768,Major the Red Cross Dog
1769,The Making of a Man
1770,A Man for All That
1771,The Manicure Lady
1772,A Manly Man
1773,Une mariée qui se fait attendre
1774,The Master and the Man
1775,Maud Muller
1776,Max Takes Tonics
1777,The Meeting of the Ways
1778,Menneskedyret
1779,The Message in the Bottle
1780,Midsummer-time
1781,Mike's Hero
1782,"Mike, the Miser"
1783,The Millionaire and the Squatter
1784,The Millionaire's Nephew
1785,The Miner's Curse
1786,The Minute Man
1787,The Mirror
1788,Mischievous Puck
1789,The Miser's Heart
1790,"Les Misérables, Part 1: Jean Valjean"
1791,A Modern Cinderella
1792,The Modern Dianas
1793,A Modern Hero
1794,The Modern Pygmalion and Galatea
1795,Monasterio de Caralps en Berga
1796,Monasterio de Ripoll
1797,Money to Burn
1798,The Mountain Law
1799,Moses Saved from the Waters
1800,Music Hath Charms
1801,Mustang Pete's Love Affair
1803,The Mystery of a Hansom Cab
1804,Mystic Manipulations
1805,Nell Gwynn the Orange Girl
1806,The New Church Carpet
1807,Bar Z's New Cook
1808,The New Dress
1809,The New Manager
1810,A Noble Heart
1811,The O'Neill
1812,Oedipus Rex
1813,The Old Confectioner's Mistake
1814,Oliver Cromwell
1815,On the Brink
1816,On the Desert's Edge
1817,Only in the Way
1818,Out from the Shadow
1820,The Outlaw Samaritan
1821,The Outlaw and the Child
1822,The Outlaw Deputy
1823,Over the Garden Wall
1824,Over the Hills
1825,A Pal's Oath
1826,Par habitude
1827,Paradise Lost
1828,The Passions of an Egyptian Princess
1829,The Peasants and the Fairy
1830,"Picciola; or, the Prison Flower"
1831,The Pied Piper of Hamelin
1832,The Pirates of 1920
1833,The Poisoned Flume
1834,The Politician's Dream
1835,The Poor Sick Men
1836,The Power of Good
1837,The Power of Love
1838,The Price of a Man
1839,The Priest's Burden
1840,The Primal Call
1841,Priscilla's Engagement Ring
1842,The Convict's Song
1843,The Professor and the New Hat
1844,The Profligate
1845,Pulgarcito
1846,The Puncher's New Love
1847,The Question Mark
1848,Railroad Raiders of '62
1849,The Ranchman's Son
1850,Rattlesnakes and Gunpowder
1851,The Rebel's Daughter
1852,John Farley's Redemption
1853,The Reform Candidate
1854,The Reporter
1856,The Revenue Man and the Girl
1857,Richard III
1858,Un clair de lune sous Richelieu
1859,The Rise and Fall of Weary Willie
1860,The Romance on 'Bar O'
1861,A Romance of the Rio Grande
1862,Queen of the Smugglers
1863,A Romany Tragedy
1864,The Rosary
1865,The Rose of Kentucky
1866,The Rose's Story
1867,The Ruling Passion
1868,Abraham's Sacrifice
1869,Samson and Delilah
1870,Saved from Herself
1871,Saved from Himself
1872,The Scarlet Letter
1873,The Schoolmaster of Mariposa
1874,Science
1875,Second Sight
1876,The Sentinel Asleep
1877,She
1878,The Sheriff's Brother
1879,The Sheriff's Chum
1880,The Sheriff's Decision
1881,Los siete niños de Écija o Los bandidos de Sierra Morena
1882,The Silent Tongue
1883,The Silken Thread
1884,Simpkin's Dream of a Holiday
1885,Sir Percy and the Punchers
1886,The Siege of Calais
1887,The Skating Bug
1888,The Sky Pilot
1889,Skæbnebæltet
1890,The Smile of a Child
1891,The Sorrowful Example
1892,Den sorte drøm
1893,The Spanish Gypsy
1894,Spike Shannon's Last Fight
1895,Sport Hípico
1896,The Squaw's Love
1897,The Stage Driver's Daughter
1898,A Stage Romance
1899,The Stampede
1900,The Star Spangled Banner
1901,The Stolen Dog
1902,The Story of the Indian Ledge
1903,The Strike at the Little Jonny Mine
1904,The Stuff Heroes Are Made Of
1905,The Stuff That Dreams Are Made Of
1906,The Subduing of Mrs. Nag
1907,Sunshine Through the Dark
1908,The Surgeon's Temptation
1909,Swank and the Remedy
1910,Sweet Memories
1911,Nell Gwynne
1912,The Switchman's Tower
1913,Swords and Hearts
1914,The Devil's Assistant
1915,A Tale of Two Cities
1916,Tarragona monumental
1917,Teaching Dad to Like Her
1918,Telemachus
1919,The Telltale Knife
1920,Temblor de 1911 en México
1921,A Terrible Discovery
1922,That Winsome Winnie Smile
1923,Their First Misunderstanding
1924,The Thief and the Girl
1925,Three Million Dollars
1926,The Three Musketeers: Part 2
1927,Three Sisters
1928,Through Darkened Vales
1929,Through His Wife's Picture
1930,The Thumb Print
1931,A Thwarted Vengeance
1932,The Tomboy
1933,La Tosca
1934,The Toss of a Coin
1935,The Totem Mark
1936,Trading His Mother
1937,The Trail of Books
1939,The Tribe's Penalty
1940,Trilby and Svengali
1941,Troublesome Secretaries
1942,A True Westerner
1943,Two Can Play at the Same Game
1944,The Two Chorus Girls
1945,Two Christmas Hampers
1946,The Two Fugitives
1947,Two Officers
1948,The Two Orphans
1949,The Two Paths
1950,The Two Reformations
1951,The Two Sides
1952,The Two-Gun Man
1954,Uncle Hiram's List
1955,Uncle's Picnic
1956,Under the Stars and Bars
1957,Under forvandlingens lov
1959,An Unknown Language
1960,The Unveiling
1961,An Unwilling Cowboy
1962,Van Bibber's Experiment
1963,Temptations of a Great City
1964,The Traitress
1965,Vicio y virtud
1966,A Victim of Circumstances
1967,Life as It Is
1968,The Voice of the Child
1969,Was He a Coward?
1970,A Western Girl's Sacrifice
1971,Western Hearts
1972,A Western Redemption
1973,What Shall We Do with Our Old?
1974,What a Woman Can Do
1975,The Wheels of Justice
1976,When Love and Honor Called
1977,When Two Hearts Are Won
1978,When a Man Loves
1979,When a Man's Married His Trouble Begins
1980,When the Cat's Away
1981,The White Medicine Man
1982,The White Red Man
1983,The White Rose of the Wilds
1984,Why He Gave Up
1985,The Winds of Fate
1986,The Wizard and the Brigands
1987,A Woman Scorned
1988,The Woodcutter's Romance
1989,A Wreath of Orange Blossoms
1990,The Yiddisher Cowboy
1992,Zwei Frauen
1993,L'électrocuté
1994,An Actor's Romance
1995,Adam and Eve
1996,The Adventure of the Italian Model
1997,The Adventure of the Retired Army Colonel
1998,The Adventures of Lieutenant Petrosino
1999,Agaton och Fina
2000,The Agitator
2001,The Alaska-Siberian Expedition
2002,The Alcalde's Conspiracy
2003,Alias Billy Sargent
2004,Alkali Ike Bests Broncho Billy
2005,Alkali Ike Plays th
